-- phpMyAdmin SQL Dump
-- version 4.9.0.1
-- https://www.phpmyadmin.net/
--
-- Host: sql206.infinityfree.com
-- Generation Time: Jul 31, 2025 at 03:14 PM
-- Server version: 11.4.7-MariaDB
-- PHP Version: 7.2.22

SET SQL_MODE = "NO_AUTO_VALUE_ON_ZERO";
SET AUTOCOMMIT = 0;
START TRANSACTION;
SET time_zone = "+00:00";


/*!40101 SET @OLD_CHARACTER_SET_CLIENT=@@CHARACTER_SET_CLIENT */;
/*!40101 SET @OLD_CHARACTER_SET_RESULTS=@@CHARACTER_SET_RESULTS */;
/*!40101 SET @OLD_COLLATION_CONNECTION=@@COLLATION_CONNECTION */;
/*!40101 SET NAMES utf8mb4 */;

--
-- Database: `if0_38952671_batch_fund`
--

-- --------------------------------------------------------

--
-- Table structure for table `payments`
--

CREATE TABLE `payments` (
  `id` int(11) NOT NULL,
  `reg_no` varchar(50) NOT NULL,
  `reason_id` int(11) NOT NULL,
  `paid_date` datetime NOT NULL
) ENGINE=InnoDB DEFAULT CHARSET=utf8mb4 COLLATE=utf8mb4_general_ci;

--
-- Dumping data for table `payments`
--

INSERT INTO `payments` (`id`, `reg_no`, `reason_id`, `paid_date`) VALUES
(1, 'BST/2021/005', 1, '2025-04-07 07:21:55'),
(2, 'BST/2021/005', 5, '2025-04-07 07:21:55'),
(3, 'BST/2021/011', 1, '2025-04-07 07:22:35'),
(4, 'BST/2021/011', 5, '2025-04-07 07:22:35'),
(5, 'BST/2021/011', 6, '2025-04-07 07:22:35'),
(6, 'BST/2021/011', 7, '2025-04-07 07:22:35'),
(7, 'BST/2021/014', 1, '2025-04-07 07:22:58'),
(8, 'BST/2021/014', 5, '2025-04-07 07:22:58'),
(9, 'BST/2021/014', 6, '2025-04-07 07:22:58'),
(10, 'BST/2021/014', 7, '2025-04-07 07:22:58'),
(11, 'BST/2021/015', 1, '2025-04-07 07:23:17'),
(12, 'BST/2021/015', 5, '2025-04-07 07:23:17'),
(13, 'BST/2021/015', 6, '2025-04-07 07:23:17'),
(14, 'BST/2021/020', 1, '2025-04-07 07:23:39'),
(15, 'BST/2021/020', 5, '2025-04-07 07:23:39'),
(16, 'BST/2021/020', 6, '2025-04-07 07:23:39'),
(17, 'BST/2021/020', 7, '2025-04-07 07:23:39'),
(18, 'BST/2021/028', 1, '2025-04-07 07:23:54'),
(19, 'BST/2021/028', 5, '2025-04-07 07:23:54'),
(20, 'BST/2021/028', 6, '2025-04-07 07:23:54'),
(21, 'BST/2021/028', 7, '2025-04-07 07:23:54'),
(22, 'BST/2021/034', 1, '2025-04-07 07:24:18'),
(23, 'BST/2021/034', 5, '2025-04-07 07:24:18'),
(24, 'BST/2021/034', 6, '2025-04-07 07:24:18'),
(25, 'BST/2021/036', 1, '2025-04-07 07:24:44'),
(26, 'BST/2021/036', 5, '2025-04-07 07:24:44'),
(27, 'BST/2021/042', 1, '2025-04-07 07:25:06'),
(28, 'BST/2021/042', 5, '2025-04-07 07:25:06'),
(29, 'BST/2021/042', 6, '2025-04-07 07:25:06'),
(30, 'BST/2021/044', 1, '2025-04-07 07:25:38'),
(31, 'BST/2021/044', 5, '2025-04-07 07:25:38'),
(32, 'BST/2021/046', 1, '2025-04-07 07:26:03'),
(33, 'BST/2021/046', 5, '2025-04-07 07:26:03'),
(34, 'BST/2021/046', 6, '2025-04-07 07:26:03'),
(35, 'BST/2021/047', 1, '2025-04-07 07:27:01'),
(36, 'BST/2021/047', 5, '2025-04-07 07:27:01'),
(37, 'BST/2021/047', 6, '2025-04-07 07:27:01'),
(38, 'BST/2021/049', 5, '2025-04-07 07:27:39'),
(39, 'BST/2021/050', 1, '2025-04-07 07:28:02'),
(40, 'BST/2021/050', 5, '2025-04-07 07:28:02'),
(41, 'BST/2021/052', 1, '2025-04-07 07:28:22'),
(42, 'BST/2021/052', 5, '2025-04-07 07:28:22'),
(43, 'BST/2021/058', 1, '2025-04-07 07:28:59'),
(44, 'BST/2021/058', 5, '2025-04-07 07:28:59'),
(45, 'BST/2021/058', 6, '2025-04-07 07:28:59'),
(46, 'BST/2021/058', 7, '2025-04-07 07:28:59'),
(47, 'BST/2021/068', 1, '2025-04-07 07:29:20'),
(48, 'BST/2021/068', 5, '2025-04-07 07:29:20'),
(49, 'BST/2021/068', 6, '2025-04-07 07:29:20'),
(50, 'BST/2021/068', 7, '2025-04-07 07:29:20'),
(51, 'BST/2021/070', 1, '2025-04-07 07:33:47'),
(52, 'BST/2021/070', 5, '2025-04-07 07:33:47'),
(53, 'BST/2021/070', 6, '2025-04-07 07:33:47'),
(54, 'BST/2021/077', 1, '2025-04-07 07:34:22'),
(55, 'BST/2021/077', 5, '2025-04-07 07:34:22'),
(56, 'BST/2021/077', 6, '2025-04-07 07:34:22'),
(57, 'BST/2021/077', 7, '2025-04-07 07:34:22'),
(58, 'BST/2021/078', 1, '2025-04-07 07:34:39'),
(59, 'BST/2021/078', 5, '2025-04-07 07:34:39'),
(60, 'BST/2021/078', 6, '2025-04-07 07:34:39'),
(61, 'BST/2021/088', 1, '2025-04-07 07:34:57'),
(62, 'BST/2021/088', 5, '2025-04-07 07:34:57'),
(63, 'BST/2021/088', 6, '2025-04-07 07:34:57'),
(64, 'BST/2021/088', 7, '2025-04-07 07:34:57'),
(65, 'BST/2021/089', 1, '2025-04-07 07:35:19'),
(66, 'BST/2021/089', 5, '2025-04-07 07:35:19'),
(67, 'BST/2021/089', 6, '2025-04-07 07:35:19'),
(68, 'BST/2021/089', 7, '2025-04-07 07:35:19'),
(69, 'BST/2021/101', 1, '2025-04-07 07:35:38'),
(70, 'BST/2021/101', 5, '2025-04-07 07:35:38'),
(71, 'BST/2021/101', 6, '2025-04-07 07:35:38'),
(72, 'BST/2021/101', 7, '2025-04-07 07:35:38'),
(73, 'ENT/2021/005', 1, '2025-04-07 07:36:13'),
(74, 'ENT/2021/005', 5, '2025-04-07 07:36:13'),
(75, 'ENT/2021/005', 6, '2025-04-07 07:36:13'),
(76, 'ENT/2021/005', 7, '2025-04-07 07:36:13'),
(77, 'ENT/2021/006', 1, '2025-04-07 07:36:27'),
(78, 'ENT/2021/006', 5, '2025-04-07 07:36:27'),
(79, 'ENT/2021/009', 1, '2025-04-07 07:37:01'),
(80, 'ENT/2021/009', 5, '2025-04-07 07:37:01'),
(81, 'ENT/2021/009', 6, '2025-04-07 07:37:01'),
(82, 'ENT/2021/009', 7, '2025-04-07 07:37:01'),
(83, 'ENT/2021/010', 1, '2025-04-07 07:37:29'),
(84, 'ENT/2021/010', 5, '2025-04-07 07:37:29'),
(85, 'ENT/2021/010', 6, '2025-04-07 07:37:29'),
(86, 'ENT/2021/013', 1, '2025-04-07 07:37:50'),
(87, 'ENT/2021/013', 5, '2025-04-07 07:37:50'),
(88, 'ENT/2021/013', 6, '2025-04-07 07:37:50'),
(89, 'ENT/2021/020', 1, '2025-04-07 07:38:17'),
(90, 'ENT/2021/020', 5, '2025-04-07 07:38:17'),
(91, 'ENT/2021/021', 1, '2025-04-07 07:38:34'),
(92, 'ENT/2021/021', 5, '2025-04-07 07:38:34'),
(93, 'ENT/2021/021', 6, '2025-04-07 07:38:34'),
(94, 'ENT/2021/021', 7, '2025-04-07 07:38:34'),
(95, 'ENT/2021/023', 1, '2025-04-07 07:38:52'),
(96, 'ENT/2021/023', 5, '2025-04-07 07:38:52'),
(97, 'ENT/2021/023', 6, '2025-04-07 07:38:52'),
(98, 'ENT/2021/024', 1, '2025-04-07 07:39:13'),
(99, 'ENT/2021/024', 5, '2025-04-07 07:39:13'),
(100, 'ENT/2021/024', 6, '2025-04-07 07:39:13'),
(101, 'ENT/2021/024', 7, '2025-04-07 07:39:13'),
(102, 'ENT/2021/025', 1, '2025-04-07 07:39:31'),
(103, 'ENT/2021/026', 1, '2025-04-07 07:39:54'),
(104, 'ENT/2021/026', 5, '2025-04-07 07:39:54'),
(105, 'ENT/2021/026', 6, '2025-04-07 07:39:54'),
(106, 'ENT/2021/026', 7, '2025-04-07 07:39:54'),
(107, 'ENT/2021/027', 1, '2025-04-07 07:40:07'),
(108, 'ENT/2021/027', 5, '2025-04-07 07:40:07'),
(109, 'ENT/2021/028', 1, '2025-04-07 07:40:26'),
(110, 'ENT/2021/028', 5, '2025-04-07 07:40:26'),
(111, 'ENT/2021/030', 1, '2025-04-07 07:40:41'),
(112, 'ENT/2021/030', 5, '2025-04-07 07:40:41'),
(113, 'ENT/2021/030', 6, '2025-04-07 07:40:41'),
(114, 'ENT/2021/031', 1, '2025-04-07 07:41:00'),
(115, 'ENT/2021/031', 5, '2025-04-07 07:41:00'),
(116, 'ENT/2021/033', 1, '2025-04-07 07:41:15'),
(117, 'ENT/2021/033', 5, '2025-04-07 07:41:15'),
(118, 'ENT/2021/037', 5, '2025-04-07 07:41:58'),
(119, 'ENT/2021/047', 1, '2025-04-07 07:42:33'),
(120, 'ENT/2021/048', 1, '2025-04-07 07:42:53'),
(121, 'ENT/2021/048', 5, '2025-04-07 07:42:53'),
(122, 'ENT/2021/048', 6, '2025-04-07 07:42:53'),
(123, 'ENT/2021/049', 1, '2025-04-07 07:43:09'),
(124, 'ENT/2021/049', 5, '2025-04-07 07:43:09'),
(125, 'ENT/2021/050', 1, '2025-04-07 07:43:31'),
(126, 'ENT/2021/050', 5, '2025-04-07 07:43:31'),
(127, 'ENT/2021/050', 6, '2025-04-07 07:43:31'),
(128, 'ENT/2021/051', 1, '2025-04-07 07:43:45'),
(129, 'ENT/2021/052', 1, '2025-04-07 07:44:14'),
(130, 'ENT/2021/052', 5, '2025-04-07 07:44:14'),
(131, 'ENT/2021/053', 1, '2025-04-07 07:44:38'),
(132, 'ENT/2021/053', 5, '2025-04-07 07:44:38'),
(133, 'ENT/2021/053', 6, '2025-04-07 07:44:38'),
(134, 'ENT/2021/054', 1, '2025-04-07 07:45:06'),
(135, 'ENT/2021/054', 5, '2025-04-07 07:45:06'),
(136, 'ENT/2021/054', 6, '2025-04-07 07:45:06'),
(137, 'ENT/2021/054', 7, '2025-04-07 07:45:06'),
(138, 'ENT/2021/056', 5, '2025-04-07 07:45:21'),
(139, 'ENT/2021/059', 1, '2025-04-07 07:45:41'),
(140, 'ENT/2021/059', 5, '2025-04-07 07:45:41'),
(141, 'ENT/2021/059', 6, '2025-04-07 07:45:41'),
(142, 'ENT/2021/059', 7, '2025-04-07 07:45:41'),
(143, 'ENT/2021/060', 5, '2025-04-07 07:46:06'),
(144, 'ENT/2021/061', 1, '2025-04-07 07:46:33'),
(145, 'ENT/2021/061', 5, '2025-04-07 07:46:33'),
(146, 'ENT/2021/061', 6, '2025-04-07 07:46:33'),
(147, 'ENT/2021/061', 7, '2025-04-07 07:46:33'),
(148, 'ENT/2021/068', 1, '2025-04-07 07:47:59'),
(149, 'BST/2021/033', 1, '2025-04-07 07:50:17'),
(150, 'BST/2021/033', 5, '2025-04-07 07:50:17'),
(151, 'BST/2021/033', 6, '2025-04-07 07:50:17'),
(152, 'BST/2021/060', 1, '2025-04-07 07:50:34'),
(153, 'BST/2021/060', 5, '2025-04-07 07:50:34'),
(154, 'ITT/2021/060', 1, '2025-04-07 07:50:55'),
(155, 'ITT/2021/060', 5, '2025-04-07 07:50:55'),
(156, 'ITT/2021/060', 6, '2025-04-07 07:50:55'),
(157, 'ITT/2021/060', 7, '2025-04-07 07:50:55'),
(158, 'ITT/2021/123', 1, '2025-04-07 07:51:20'),
(159, 'ITT/2021/123', 5, '2025-04-07 07:51:20'),
(160, 'ITT/2021/122', 1, '2025-04-07 07:51:41'),
(161, 'ITT/2021/121', 1, '2025-04-07 07:52:01'),
(162, 'ITT/2021/121', 5, '2025-04-07 07:52:01'),
(163, 'ITT/2021/121', 6, '2025-04-07 07:52:01'),
(164, 'ITT/2021/121', 7, '2025-04-07 07:52:01'),
(165, 'ITT/2021/119', 1, '2025-04-07 07:52:21'),
(166, 'ITT/2021/119', 5, '2025-04-07 07:52:21'),
(167, 'ITT/2021/119', 6, '2025-04-07 07:52:21'),
(168, 'ITT/2021/119', 7, '2025-04-07 07:52:21'),
(169, 'ITT/2021/118', 1, '2025-04-07 07:52:45'),
(170, 'ITT/2021/118', 5, '2025-04-07 07:52:45'),
(171, 'ITT/2021/118', 6, '2025-04-07 07:52:45'),
(172, 'ITT/2021/118', 7, '2025-04-07 07:52:45'),
(173, 'ITT/2021/117', 1, '2025-04-07 07:53:31'),
(174, 'ITT/2021/117', 5, '2025-04-07 07:53:31'),
(175, 'ITT/2021/117', 6, '2025-04-07 07:53:31'),
(176, 'ITT/2021/117', 7, '2025-04-07 07:53:31'),
(177, 'ITT/2021/114', 1, '2025-04-07 07:54:03'),
(178, 'ITT/2021/114', 5, '2025-04-07 07:54:03'),
(179, 'ITT/2021/114', 6, '2025-04-07 07:54:03'),
(180, 'ITT/2021/114', 7, '2025-04-07 07:54:03'),
(181, 'ITT/2021/113', 1, '2025-04-07 07:54:25'),
(182, 'ITT/2021/113', 5, '2025-04-07 07:54:25'),
(183, 'ITT/2021/113', 6, '2025-04-07 07:54:25'),
(184, 'ITT/2021/113', 7, '2025-04-07 07:54:25'),
(185, 'ITT/2021/112', 5, '2025-04-07 07:54:49'),
(186, 'ITT/2021/109', 1, '2025-04-07 07:55:06'),
(187, 'ITT/2021/109', 5, '2025-04-07 07:55:06'),
(188, 'ITT/2021/109', 6, '2025-04-07 07:55:06'),
(189, 'ITT/2021/109', 7, '2025-04-07 07:55:06'),
(190, 'ITT/2021/108', 1, '2025-04-07 07:55:27'),
(191, 'ITT/2021/108', 5, '2025-04-07 07:55:27'),
(192, 'ITT/2021/108', 6, '2025-04-07 07:55:27'),
(193, 'ITT/2021/108', 7, '2025-04-07 07:55:27'),
(194, 'ITT/2021/108', 8, '2025-04-07 07:55:27'),
(195, 'ITT/2021/107', 1, '2025-04-07 07:55:45'),
(196, 'ITT/2021/107', 5, '2025-04-07 07:55:45'),
(197, 'ITT/2021/106', 1, '2025-04-07 07:56:06'),
(198, 'ITT/2021/106', 5, '2025-04-07 07:56:06'),
(199, 'ITT/2021/106', 6, '2025-04-07 07:56:06'),
(200, 'ITT/2021/106', 7, '2025-04-07 07:56:06'),
(201, 'ITT/2021/106', 8, '2025-04-07 07:56:06'),
(202, 'ITT/2021/104', 1, '2025-04-07 07:56:25'),
(203, 'ITT/2021/104', 5, '2025-04-07 07:56:25'),
(204, 'ITT/2021/102', 1, '2025-04-07 07:56:49'),
(205, 'ITT/2021/102', 5, '2025-04-07 07:56:49'),
(206, 'ITT/2021/096', 1, '2025-04-07 07:57:36'),
(207, 'ITT/2021/096', 5, '2025-04-07 07:57:36'),
(208, 'ITT/2021/096', 6, '2025-04-07 07:57:36'),
(209, 'ITT/2021/096', 7, '2025-04-07 07:57:36'),
(210, 'ITT/2021/095', 1, '2025-04-07 07:57:56'),
(211, 'ITT/2021/095', 5, '2025-04-07 07:57:56'),
(212, 'ITT/2021/094', 1, '2025-04-07 07:58:12'),
(213, 'ITT/2021/093', 1, '2025-04-07 07:58:28'),
(214, 'ITT/2021/093', 5, '2025-04-07 07:58:28'),
(215, 'ITT/2021/093', 6, '2025-04-07 07:58:28'),
(216, 'ITT/2021/091', 1, '2025-04-07 07:59:25'),
(217, 'ITT/2021/091', 5, '2025-04-07 07:59:25'),
(218, 'ITT/2021/091', 6, '2025-04-07 07:59:25'),
(219, 'ITT/2021/090', 1, '2025-04-07 07:59:43'),
(220, 'ITT/2021/090', 5, '2025-04-07 07:59:43'),
(221, 'ITT/2021/090', 6, '2025-04-07 07:59:43'),
(222, 'ITT/2021/090', 7, '2025-04-07 07:59:43'),
(223, 'ITT/2021/089', 1, '2025-04-07 08:00:06'),
(224, 'ITT/2021/089', 5, '2025-04-07 08:00:06'),
(225, 'ITT/2021/086', 1, '2025-04-07 08:00:30'),
(226, 'ITT/2021/086', 5, '2025-04-07 08:00:30'),
(227, 'ITT/2021/086', 6, '2025-04-07 08:00:30'),
(228, 'ITT/2021/086', 7, '2025-04-07 08:00:30'),
(229, 'ITT/2021/085', 1, '2025-04-07 08:00:52'),
(230, 'ITT/2021/085', 5, '2025-04-07 08:00:52'),
(231, 'ITT/2021/084', 1, '2025-04-07 08:01:09'),
(232, 'ITT/2021/084', 5, '2025-04-07 08:01:09'),
(233, 'ITT/2021/082', 1, '2025-04-07 08:02:00'),
(234, 'ITT/2021/082', 5, '2025-04-07 08:02:00'),
(235, 'ITT/2021/082', 6, '2025-04-07 08:02:00'),
(236, 'ITT/2021/080', 1, '2025-04-07 08:02:32'),
(237, 'ITT/2021/079', 1, '2025-04-07 08:02:55'),
(238, 'ITT/2021/079', 5, '2025-04-07 08:02:55'),
(239, 'ITT/2021/079', 6, '2025-04-07 08:02:55'),
(240, 'ITT/2021/079', 7, '2025-04-07 08:02:55'),
(241, 'ITT/2021/077', 1, '2025-04-07 08:03:13'),
(242, 'ITT/2021/077', 5, '2025-04-07 08:03:13'),
(243, 'ITT/2021/074', 1, '2025-04-07 08:06:28'),
(244, 'ITT/2021/074', 5, '2025-04-07 08:06:28'),
(245, 'ITT/2021/074', 6, '2025-04-07 08:06:28'),
(246, 'ITT/2021/068', 1, '2025-04-07 08:06:57'),
(247, 'ITT/2021/068', 5, '2025-04-07 08:06:57'),
(248, 'ITT/2021/065', 1, '2025-04-07 08:07:22'),
(249, 'ITT/2021/065', 5, '2025-04-07 08:07:22'),
(250, 'ITT/2021/063', 1, '2025-04-07 08:07:41'),
(251, 'ITT/2021/063', 5, '2025-04-07 08:07:41'),
(252, 'ITT/2021/063', 6, '2025-04-07 08:07:41'),
(253, 'ITT/2021/062', 1, '2025-04-07 08:07:57'),
(254, 'ITT/2021/062', 5, '2025-04-07 08:07:57'),
(255, 'ITT/2021/062', 6, '2025-04-07 08:07:57'),
(256, 'ITT/2021/062', 7, '2025-04-07 08:07:57'),
(257, 'ENT/2021/070', 1, '2025-04-07 08:08:50'),
(258, 'ENT/2021/070', 5, '2025-04-07 08:08:50'),
(259, 'ENT/2021/070', 6, '2025-04-07 08:08:50'),
(260, 'ENT/2021/070', 7, '2025-04-07 08:08:50'),
(261, 'ENT/2021/073', 1, '2025-04-07 08:09:11'),
(262, 'ENT/2021/073', 5, '2025-04-07 08:09:11'),
(263, 'ENT/2021/073', 6, '2025-04-07 08:09:11'),
(264, 'ENT/2021/074', 1, '2025-04-07 08:12:41'),
(265, 'ENT/2021/077', 1, '2025-04-07 08:13:20'),
(266, 'ENT/2021/078', 1, '2025-04-07 11:04:34'),
(267, 'ENT/2021/078', 5, '2025-04-07 11:04:34'),
(268, 'ENT/2021/078', 6, '2025-04-07 11:04:34'),
(269, 'ENT/2021/079', 1, '2025-04-07 11:04:53'),
(270, 'ENT/2021/080', 1, '2025-04-07 11:05:09'),
(271, 'ENT/2021/080', 5, '2025-04-07 11:05:09'),
(272, 'ENT/2021/082', 1, '2025-04-07 11:05:30'),
(273, 'ENT/2021/082', 5, '2025-04-07 11:05:30'),
(274, 'ENT/2021/082', 6, '2025-04-07 11:05:30'),
(275, 'ENT/2021/082', 7, '2025-04-07 11:05:30'),
(276, 'ENT/2021/083', 1, '2025-04-07 11:05:49'),
(277, 'ENT/2021/083', 5, '2025-04-07 11:05:49'),
(278, 'ENT/2021/084', 1, '2025-04-07 11:06:04'),
(279, 'ENT/2021/084', 5, '2025-04-07 11:06:04'),
(280, 'ENT/2021/084', 6, '2025-04-07 11:06:04'),
(281, 'ENT/2021/084', 7, '2025-04-07 11:06:04'),
(282, 'ENT/2021/085', 1, '2025-04-07 11:06:20'),
(283, 'ENT/2021/086', 1, '2025-04-07 11:06:36'),
(284, 'ENT/2021/086', 5, '2025-04-07 11:06:36'),
(285, 'ENT/2021/086', 6, '2025-04-07 11:06:36'),
(286, 'ENT/2021/086', 7, '2025-04-07 11:06:36'),
(287, 'ENT/2021/088', 1, '2025-04-07 11:06:56'),
(288, 'ENT/2021/088', 5, '2025-04-07 11:06:56'),
(289, 'ENT/2021/088', 6, '2025-04-07 11:06:56'),
(290, 'ENT/2021/093', 1, '2025-04-07 11:07:21'),
(291, 'ENT/2021/096', 1, '2025-04-07 11:07:40'),
(292, 'ENT/2021/096', 5, '2025-04-07 11:07:40'),
(293, 'ENT/2021/096', 6, '2025-04-07 11:07:40'),
(294, 'ENT/2021/096', 7, '2025-04-07 11:07:40'),
(295, 'ENT/2021/099', 1, '2025-04-07 11:08:04'),
(296, 'ENT/2021/099', 5, '2025-04-07 11:08:04'),
(297, 'ENT/2021/101', 1, '2025-04-07 11:08:21'),
(298, 'ENT/2021/101', 5, '2025-04-07 11:08:21'),
(299, 'ITT/2021/059', 1, '2025-04-07 11:08:55'),
(300, 'ITT/2021/059', 5, '2025-04-07 11:08:55'),
(301, 'ITT/2021/059', 6, '2025-04-07 11:08:55'),
(302, 'ITT/2021/059', 7, '2025-04-07 11:08:55'),
(303, 'ITT/2021/057', 1, '2025-04-07 11:09:11'),
(304, 'ITT/2021/057', 5, '2025-04-07 11:09:11'),
(305, 'ITT/2021/057', 6, '2025-04-07 11:09:11'),
(306, 'ITT/2021/057', 7, '2025-04-07 11:09:11'),
(307, 'ITT/2021/055', 1, '2025-04-07 11:09:40'),
(308, 'ITT/2021/055', 5, '2025-04-07 11:09:40'),
(309, 'ITT/2021/054', 1, '2025-04-07 11:09:56'),
(310, 'ITT/2021/049', 1, '2025-04-07 11:10:35'),
(311, 'ITT/2021/044', 1, '2025-04-07 11:10:54'),
(312, 'ITT/2021/043', 1, '2025-04-07 11:11:06'),
(313, 'ITT/2021/043', 5, '2025-04-07 11:11:06'),
(314, 'ITT/2021/043', 6, '2025-04-07 11:11:06'),
(315, 'ITT/2021/043', 7, '2025-04-07 11:11:06'),
(316, 'ITT/2021/041', 1, '2025-04-07 11:11:30'),
(317, 'ITT/2021/041', 5, '2025-04-07 11:11:30'),
(318, 'ITT/2021/041', 6, '2025-04-07 11:11:30'),
(319, 'ITT/2021/041', 7, '2025-04-07 11:11:30'),
(320, 'ITT/2021/039', 1, '2025-04-07 11:11:52'),
(321, 'ITT/2021/039', 5, '2025-04-07 11:11:52'),
(322, 'ITT/2021/039', 6, '2025-04-07 11:11:52'),
(323, 'ITT/2021/039', 7, '2025-04-07 11:11:52'),
(324, 'ITT/2021/038', 1, '2025-04-07 11:12:10'),
(325, 'ITT/2021/038', 5, '2025-04-07 11:12:10'),
(326, 'ITT/2021/038', 6, '2025-04-07 11:12:10'),
(327, 'ITT/2021/038', 7, '2025-04-07 11:12:10'),
(328, 'ITT/2021/037', 1, '2025-04-07 11:12:28'),
(329, 'ITT/2021/037', 5, '2025-04-07 11:12:28'),
(330, 'ITT/2021/037', 6, '2025-04-07 11:12:28'),
(331, 'ITT/2021/037', 7, '2025-04-07 11:12:28'),
(332, 'ITT/2021/032', 1, '2025-04-07 11:15:25'),
(333, 'ITT/2021/032', 5, '2025-04-07 11:15:25'),
(334, 'ITT/2021/032', 6, '2025-04-07 11:15:25'),
(335, 'ITT/2021/032', 7, '2025-04-07 11:15:25'),
(336, 'ITT/2021/030', 1, '2025-04-07 11:15:46'),
(337, 'ITT/2021/030', 5, '2025-04-07 11:15:46'),
(338, 'ITT/2021/030', 6, '2025-04-07 11:15:46'),
(339, 'ITT/2021/030', 7, '2025-04-07 11:15:46'),
(340, 'ITT/2021/029', 1, '2025-04-07 11:23:11'),
(341, 'ITT/2021/029', 5, '2025-04-07 11:23:11'),
(342, 'ITT/2021/026', 1, '2025-04-07 11:23:36'),
(343, 'ITT/2021/026', 5, '2025-04-07 11:23:36'),
(344, 'ITT/2021/026', 6, '2025-04-07 11:23:36'),
(345, 'ITT/2021/026', 7, '2025-04-07 11:23:36'),
(346, 'ITT/2021/025', 1, '2025-04-07 11:24:01'),
(347, 'ITT/2021/025', 5, '2025-04-07 11:24:01'),
(348, 'ITT/2021/025', 6, '2025-04-07 11:24:01'),
(349, 'ITT/2021/023', 1, '2025-04-07 11:24:30'),
(350, 'ITT/2021/023', 5, '2025-04-07 11:24:30'),
(351, 'ITT/2021/023', 6, '2025-04-07 11:24:30'),
(352, 'ITT/2021/022', 1, '2025-04-07 11:24:53'),
(353, 'ITT/2021/022', 5, '2025-04-07 11:24:53'),
(354, 'ITT/2021/022', 6, '2025-04-07 11:24:53'),
(355, 'ITT/2021/022', 7, '2025-04-07 11:24:53'),
(356, 'ITT/2021/015', 1, '2025-04-07 11:25:09'),
(357, 'ITT/2021/015', 5, '2025-04-07 11:25:09'),
(358, 'ITT/2021/015', 6, '2025-04-07 11:25:09'),
(359, 'ITT/2021/015', 7, '2025-04-07 11:25:09'),
(360, 'ITT/2021/014', 1, '2025-04-07 11:25:29'),
(361, 'ITT/2021/011', 1, '2025-04-07 11:25:50'),
(362, 'ITT/2021/007', 1, '2025-04-07 11:26:08'),
(363, 'ITT/2021/007', 5, '2025-04-07 11:26:08'),
(364, 'ITT/2021/007', 6, '2025-04-07 11:26:08'),
(365, 'ITT/2021/007', 7, '2025-04-07 11:26:08'),
(366, 'ITT/2021/005', 1, '2025-04-07 11:26:42'),
(367, 'ITT/2021/005', 5, '2025-04-07 11:26:42'),
(368, 'ITT/2021/005', 6, '2025-04-07 11:26:42'),
(369, 'ITT/2021/005', 7, '2025-04-07 11:26:42'),
(370, 'ITT/2021/003', 1, '2025-04-07 11:26:57'),
(371, 'ITT/2021/003', 5, '2025-04-07 11:26:57'),
(372, 'ITT/2021/003', 6, '2025-04-07 11:26:57'),
(373, 'ITT/2021/003', 7, '2025-04-07 11:26:57'),
(374, 'ENT/2021/102', 1, '2025-04-07 11:27:23'),
(375, 'ENT/2021/102', 5, '2025-04-07 11:27:23'),
(376, 'ENT/2021/102', 6, '2025-04-07 11:27:23'),
(377, 'ENT/2021/102', 7, '2025-04-07 11:27:23'),
(378, 'ENT/2021/103', 1, '2025-04-07 11:27:35'),
(379, 'ENT/2021/103', 5, '2025-04-07 11:27:35'),
(380, 'ENT/2021/103', 6, '2025-04-07 11:27:35'),
(381, 'ENT/2021/105', 1, '2025-04-07 11:28:03'),
(382, 'ENT/2021/105', 5, '2025-04-07 11:28:03'),
(383, 'ENT/2021/105', 6, '2025-04-07 11:28:03'),
(384, 'ENT/2021/105', 7, '2025-04-07 11:28:03'),
(385, 'ENT/2021/106', 1, '2025-04-07 11:28:21'),
(386, 'ENT/2021/107', 1, '2025-04-07 11:28:36'),
(387, 'ENT/2021/107', 5, '2025-04-07 11:28:36'),
(388, 'ENT/2021/108', 1, '2025-04-07 11:28:57'),
(389, 'ENT/2021/108', 5, '2025-04-07 11:28:57'),
(390, 'ENT/2021/108', 6, '2025-04-07 11:28:57'),
(391, 'ENT/2021/108', 7, '2025-04-07 11:28:57'),
(392, 'ENT/2021/109', 1, '2025-04-07 11:29:12'),
(393, 'ENT/2021/109', 5, '2025-04-07 11:29:12'),
(394, 'ENT/2021/109', 6, '2025-04-07 11:29:12'),
(395, 'ENT/2021/109', 7, '2025-04-07 11:29:12'),
(396, 'ENT/2021/110', 1, '2025-04-07 11:29:46'),
(397, 'ENT/2021/110', 5, '2025-04-07 11:29:46'),
(398, 'ENT/2021/111', 1, '2025-04-07 11:30:06'),
(399, 'ENT/2021/111', 5, '2025-04-07 11:30:06'),
(400, 'ENT/2021/111', 6, '2025-04-07 11:30:06'),
(401, 'ENT/2021/112', 1, '2025-04-07 11:30:31'),
(402, 'ENT/2021/112', 5, '2025-04-07 11:30:31'),
(403, 'ENT/2021/112', 6, '2025-04-07 11:30:31'),
(404, 'ENT/2021/114', 1, '2025-04-07 11:30:47'),
(405, 'ENT/2021/114', 5, '2025-04-07 11:30:47'),
(406, 'ENT/2021/114', 6, '2025-04-07 11:30:47'),
(407, 'ENT/2021/114', 7, '2025-04-07 11:30:47'),
(408, 'ENT/2021/116', 1, '2025-04-07 11:31:10'),
(409, 'ENT/2021/116', 5, '2025-04-07 11:31:10'),
(410, 'ENT/2021/116', 6, '2025-04-07 11:31:10'),
(411, 'ENT/2021/117', 1, '2025-04-07 11:31:30'),
(412, 'ENT/2021/117', 5, '2025-04-07 11:31:30'),
(413, 'ENT/2021/117', 6, '2025-04-07 11:31:30'),
(414, 'ENT/2021/118', 1, '2025-04-07 11:31:47'),
(415, 'ENT/2021/118', 5, '2025-04-07 11:31:47'),
(416, 'ENT/2021/122', 1, '2025-04-07 11:32:10'),
(417, 'ENT/2021/123', 1, '2025-04-07 11:34:09'),
(418, 'ENT/2021/123', 5, '2025-04-07 11:34:09'),
(419, 'ENT/2021/127', 1, '2025-04-07 11:34:50'),
(420, 'ENT/2021/127', 5, '2025-04-07 11:34:50'),
(421, 'ENT/2021/127', 6, '2025-04-07 11:34:50'),
(422, 'ITT/2021/014', 5, '2025-04-07 11:47:14'),
(423, 'ITT/2021/014', 6, '2025-04-07 11:47:14'),
(424, 'ITT/2021/014', 7, '2025-04-07 11:47:14'),
(425, 'BST/2021/001', 1, '2025-04-07 20:43:34'),
(426, 'BST/2021/001', 5, '2025-04-07 20:43:34'),
(427, 'BST/2021/001', 6, '2025-04-07 20:43:34'),
(429, 'BST/2021/002', 1, '2025-04-07 20:43:53'),
(430, 'BST/2021/002', 5, '2025-04-07 20:43:53'),
(431, 'BST/2021/003', 1, '2025-04-07 20:44:09'),
(432, 'BST/2021/003', 5, '2025-04-07 20:44:09'),
(433, 'BST/2021/004', 1, '2025-04-07 20:44:41'),
(434, 'BST/2021/004', 5, '2025-04-07 20:44:41'),
(435, 'BST/2021/006', 1, '2025-04-07 20:46:08'),
(436, 'BST/2021/006', 5, '2025-04-07 20:46:08'),
(437, 'BST/2021/006', 6, '2025-04-07 20:46:08'),
(438, 'BST/2021/008', 1, '2025-04-07 20:46:47'),
(439, 'BST/2021/008', 5, '2025-04-07 20:46:47'),
(440, 'BST/2021/007', 5, '2025-04-07 20:47:10'),
(441, 'BST/2021/009', 5, '2025-04-07 20:47:32'),
(442, 'BST/2021/012', 1, '2025-04-07 20:48:05'),
(443, 'BST/2021/012', 5, '2025-04-07 20:48:05'),
(444, 'BST/2021/012', 6, '2025-04-07 20:48:05'),
(445, 'BST/2021/017', 1, '2025-04-07 20:48:35'),
(446, 'BST/2021/017', 5, '2025-04-07 20:48:35'),
(447, 'BST/2021/018', 6, '2025-04-07 20:49:26'),
(448, 'BST/2021/018', 5, '2025-04-07 20:49:26'),
(449, 'BST/2021/019', 1, '2025-04-07 20:49:46'),
(450, 'BST/2021/019', 5, '2025-04-07 20:49:46'),
(451, 'BST/2021/021', 1, '2025-04-07 20:50:08'),
(452, 'BST/2021/021', 5, '2025-04-07 20:50:08'),
(453, 'BST/2021/022', 1, '2025-04-07 20:50:30'),
(454, 'BST/2021/022', 5, '2025-04-07 20:50:30'),
(455, 'BST/2021/023', 1, '2025-04-07 20:50:46'),
(456, 'BST/2021/023', 5, '2025-04-07 20:50:46'),
(457, 'BST/2021/024', 5, '2025-04-07 20:51:03'),
(458, 'BST/2021/025', 5, '2025-04-07 20:51:59'),
(459, 'BST/2021/027', 1, '2025-04-07 20:52:11'),
(460, 'BST/2021/027', 5, '2025-04-07 20:52:11'),
(461, 'BST/2021/029', 1, '2025-04-07 20:52:44'),
(462, 'BST/2021/029', 5, '2025-04-07 20:52:44'),
(463, 'BST/2021/029', 6, '2025-04-07 20:52:44'),
(464, 'BST/2021/029', 7, '2025-04-07 20:52:44'),
(465, 'BST/2021/030', 1, '2025-04-07 20:53:07'),
(466, 'BST/2021/030', 5, '2025-04-07 20:53:07'),
(467, 'BST/2021/032', 1, '2025-04-07 20:54:29'),
(468, 'BST/2021/032', 5, '2025-04-07 20:54:29'),
(469, 'BST/2021/038', 1, '2025-04-07 20:55:10'),
(470, 'BST/2021/040', 1, '2025-04-07 20:55:39'),
(471, 'BST/2021/040', 5, '2025-04-07 20:55:39'),
(472, 'BST/2021/045', 1, '2025-04-07 20:56:05'),
(473, 'BST/2021/045', 5, '2025-04-07 20:56:05'),
(474, 'BST/2021/013', 1, '2025-04-07 21:11:53'),
(475, 'BST/2021/094', 1, '2025-04-07 21:12:22'),
(476, 'BST/2021/094', 5, '2025-04-07 21:12:22'),
(477, 'BST/2021/094', 6, '2025-04-07 21:12:22'),
(478, 'BST/2021/063', 1, '2025-04-07 21:12:41'),
(479, 'BST/2021/063', 5, '2025-04-07 21:12:41'),
(480, 'ITT/2021/125', 1, '2025-04-07 21:23:17'),
(481, 'ITT/2021/125', 5, '2025-04-07 21:23:17'),
(482, 'ITT/2021/116', 1, '2025-04-07 21:23:32'),
(483, 'ITT/2021/116', 5, '2025-04-07 21:23:32'),
(484, 'ITT/2021/116', 6, '2025-04-07 21:23:32'),
(485, 'ITT/2021/116', 7, '2025-04-07 21:23:32'),
(486, 'ITT/2021/111', 1, '2025-04-07 21:23:49'),
(487, 'ITT/2021/111', 5, '2025-04-07 21:23:49'),
(488, 'ITT/2021/105', 1, '2025-04-07 21:25:05'),
(489, 'ITT/2021/105', 5, '2025-04-07 21:25:05'),
(490, 'ITT/2021/103', 1, '2025-04-07 21:25:26'),
(491, 'ITT/2021/103', 5, '2025-04-07 21:25:26'),
(492, 'ITT/2021/101', 1, '2025-04-07 21:25:43'),
(493, 'ITT/2021/101', 5, '2025-04-07 21:25:43'),
(494, 'ITT/2021/101', 6, '2025-04-07 21:25:43'),
(495, 'ITT/2021/100', 1, '2025-04-08 04:48:52'),
(496, 'ITT/2021/100', 5, '2025-04-08 04:48:52'),
(497, 'ITT/2021/099', 1, '2025-04-08 04:49:18'),
(498, 'ITT/2021/099', 5, '2025-04-08 04:49:18'),
(499, 'ITT/2021/098', 1, '2025-04-08 04:49:41'),
(500, 'ITT/2021/098', 5, '2025-04-08 04:49:41'),
(501, 'ITT/2021/088', 1, '2025-04-08 04:49:55'),
(502, 'ITT/2021/088', 5, '2025-04-08 04:49:55'),
(503, 'ITT/2021/078', 1, '2025-04-08 04:50:14'),
(504, 'ITT/2021/076', 1, '2025-04-08 04:50:44'),
(505, 'ITT/2021/072', 1, '2025-04-08 04:51:07'),
(506, 'ITT/2021/072', 5, '2025-04-08 04:51:07'),
(507, 'ITT/2021/066', 1, '2025-04-08 04:51:26'),
(508, 'ITT/2021/066', 5, '2025-04-08 04:51:26'),
(509, 'ITT/2021/058', 1, '2025-04-08 04:51:45'),
(510, 'ITT/2021/058', 5, '2025-04-08 04:51:45'),
(511, 'ITT/2021/048', 5, '2025-04-08 04:52:04'),
(512, 'ITT/2021/058', 6, '2025-04-08 04:53:18'),
(513, 'ITT/2021/058', 7, '2025-04-08 04:53:18'),
(514, 'ITT/2021/047', 1, '2025-04-08 04:54:03'),
(515, 'ITT/2021/047', 5, '2025-04-08 04:54:03'),
(516, 'ITT/2021/040', 1, '2025-04-08 04:54:24'),
(517, 'ITT/2021/040', 5, '2025-04-08 04:54:24'),
(518, 'ITT/2021/036', 5, '2025-04-08 04:54:45'),
(519, 'ITT/2021/034', 1, '2025-04-08 04:55:39'),
(520, 'ITT/2021/033', 5, '2025-04-08 04:56:00'),
(521, 'ITT/2021/031', 5, '2025-04-08 04:57:21'),
(522, 'ITT/2021/021', 5, '2025-04-08 04:57:53'),
(523, 'ITT/2021/018', 1, '2025-04-08 04:58:18'),
(524, 'ITT/2021/018', 5, '2025-04-08 04:58:18'),
(525, 'ITT/2021/012', 1, '2025-04-08 04:58:38'),
(526, 'ITT/2021/012', 5, '2025-04-08 04:58:38'),
(527, 'ITT/2021/009', 5, '2025-04-08 04:58:55'),
(528, 'ITT/2021/004', 1, '2025-04-08 04:59:18'),
(529, 'ITT/2021/004', 5, '2025-04-08 04:59:18'),
(530, 'ITT/2021/004', 6, '2025-04-08 04:59:18'),
(531, 'ITT/2021/004', 7, '2025-04-08 04:59:18'),
(532, 'ENT/2021/126', 5, '2025-04-08 04:59:43'),
(533, 'ENT/2021/004', 5, '2025-04-08 05:00:11'),
(534, 'ENT/2021/014', 5, '2025-04-08 05:00:47'),
(535, 'ENT/2021/017', 5, '2025-04-08 05:01:13'),
(536, 'ENT/2021/018', 1, '2025-04-08 05:02:11'),
(537, 'ENT/2021/018', 5, '2025-04-08 05:02:11'),
(538, 'ENT/2021/019', 1, '2025-04-08 05:02:36'),
(539, 'ENT/2021/019', 5, '2025-04-08 05:02:36'),
(540, 'ENT/2021/032', 1, '2025-04-08 05:02:54'),
(541, 'ENT/2021/032', 5, '2025-04-08 05:02:54'),
(542, 'ENT/2021/038', 1, '2025-04-08 05:03:15'),
(543, 'ENT/2021/038', 5, '2025-04-08 05:03:15'),
(544, 'ENT/2021/038', 6, '2025-04-08 05:03:15'),
(545, 'ENT/2021/044', 5, '2025-04-08 05:04:21'),
(546, 'ENT/2021/046', 5, '2025-04-08 05:04:52'),
(547, 'ENT/2021/065', 5, '2025-04-08 05:05:15'),
(548, 'ENT/2021/067', 5, '2025-04-08 05:05:33'),
(549, 'ENT/2021/071', 5, '2025-04-08 05:05:50'),
(550, 'ENT/2021/089', 5, '2025-04-08 05:07:17'),
(551, 'ENT/2021/090', 5, '2025-04-08 05:07:43'),
(552, 'ENT/2021/091', 5, '2025-04-08 05:08:02'),
(553, 'ENT/2021/097', 5, '2025-04-08 05:08:13'),
(554, 'ENT/2021/098', 5, '2025-04-08 05:08:45'),
(555, 'BST/2021/091', 1, '2025-04-08 05:09:18'),
(556, 'BST/2021/091', 5, '2025-04-08 05:09:18'),
(557, 'BST/2021/091', 6, '2025-04-08 05:09:18'),
(558, 'ENT/2021/113', 1, '2025-04-08 05:10:55'),
(559, 'ENT/2021/113', 5, '2025-04-08 05:10:55'),
(560, 'ENT/2021/125', 1, '2025-04-08 05:11:19'),
(561, 'BST/2021/092', 1, '2025-04-08 05:11:58'),
(562, 'BST/2021/092', 5, '2025-04-08 05:11:58'),
(563, 'BST/2021/095', 1, '2025-04-08 05:13:07'),
(564, 'BST/2021/095', 5, '2025-04-08 05:13:07'),
(565, 'BST/2021/096', 1, '2025-04-08 05:13:24'),
(566, 'BST/2021/096', 5, '2025-04-08 05:13:24'),
(567, 'BST/2021/097', 1, '2025-04-08 05:13:46'),
(568, 'BST/2021/097', 5, '2025-04-08 05:13:46'),
(569, 'BST/2021/097', 6, '2025-04-08 05:13:46'),
(570, 'BST/2021/097', 7, '2025-04-08 05:13:46'),
(571, 'BST/2021/098', 1, '2025-04-08 05:14:08'),
(572, 'BST/2021/098', 5, '2025-04-08 05:14:08'),
(573, 'BST/2021/098', 6, '2025-04-08 05:14:08'),
(574, 'BST/2021/099', 1, '2025-04-08 05:14:30'),
(575, 'BST/2021/099', 5, '2025-04-08 05:14:30'),
(576, 'BST/2021/099', 6, '2025-04-08 05:14:30'),
(577, 'BST/2021/051', 1, '2025-04-08 05:16:00'),
(578, 'BST/2021/053', 1, '2025-04-08 05:16:14'),
(579, 'BST/2021/053', 5, '2025-04-08 05:16:14'),
(580, 'BST/2021/054', 5, '2025-04-08 05:16:57'),
(581, 'BST/2021/055', 1, '2025-04-08 05:17:11'),
(582, 'BST/2021/055', 5, '2025-04-08 05:17:11'),
(583, 'BST/2021/055', 6, '2025-04-08 05:17:11'),
(584, 'BST/2021/056', 1, '2025-04-08 05:17:26'),
(585, 'BST/2021/056', 5, '2025-04-08 05:17:26'),
(586, 'BST/2021/057', 5, '2025-04-08 05:17:44'),
(587, 'BST/2021/059', 1, '2025-04-08 05:18:03'),
(588, 'BST/2021/059', 5, '2025-04-08 05:18:03'),
(589, 'BST/2021/059', 6, '2025-04-08 05:18:03'),
(590, 'BST/2021/090', 1, '2025-04-08 05:18:35'),
(591, 'BST/2021/090', 5, '2025-04-08 05:18:35'),
(592, 'BST/2021/087', 1, '2025-04-08 05:18:55'),
(593, 'BST/2021/087', 5, '2025-04-08 05:18:55'),
(594, 'BST/2021/086', 1, '2025-04-08 05:19:11'),
(595, 'BST/2021/086', 5, '2025-04-08 05:19:11'),
(596, 'BST/2021/085', 1, '2025-04-08 05:19:32'),
(597, 'BST/2021/085', 5, '2025-04-08 05:19:32'),
(598, 'BST/2021/085', 6, '2025-04-08 05:19:32'),
(599, 'BST/2021/083', 1, '2025-04-08 05:20:00'),
(600, 'BST/2021/081', 1, '2025-04-08 05:20:21'),
(601, 'BST/2021/081', 5, '2025-04-08 05:20:21'),
(602, 'BST/2021/080', 1, '2025-04-08 05:20:40'),
(603, 'BST/2021/080', 5, '2025-04-08 05:20:40'),
(604, 'BST/2021/080', 6, '2025-04-08 05:20:40'),
(605, 'BST/2021/076', 1, '2025-04-08 05:20:58'),
(606, 'BST/2021/076', 5, '2025-04-08 05:20:58'),
(607, 'BST/2021/073', 1, '2025-04-08 05:22:07'),
(608, 'BST/2021/073', 5, '2025-04-08 05:22:07'),
(609, 'BST/2021/072', 1, '2025-04-08 05:22:26'),
(610, 'BST/2021/072', 5, '2025-04-08 05:22:26'),
(611, 'BST/2021/072', 6, '2025-04-08 05:22:26'),
(612, 'BST/2021/069', 5, '2025-04-08 05:22:44'),
(613, 'BST/2021/067', 1, '2025-04-08 05:23:20'),
(614, 'BST/2021/067', 5, '2025-04-08 05:23:20'),
(615, 'BST/2021/066', 1, '2025-04-08 05:23:47'),
(616, 'BST/2021/066', 5, '2025-04-08 05:23:47'),
(617, 'BST/2021/061', 1, '2025-04-08 05:24:08'),
(618, 'BST/2021/061', 5, '2025-04-08 05:24:08'),
(619, 'BST/2021/062', 1, '2025-04-08 05:24:23'),
(620, 'BST/2021/062', 5, '2025-04-08 05:24:23'),
(621, 'BST/2021/062', 6, '2025-04-08 05:24:23'),
(622, 'BST/2021/064', 1, '2025-04-08 05:24:52'),
(623, 'BST/2021/064', 5, '2025-04-08 05:24:52'),
(624, 'BST/2021/065', 1, '2025-04-08 05:25:24'),
(625, 'BST/2021/065', 5, '2025-04-08 05:25:24'),
(626, 'BST/2021/065', 6, '2025-04-08 05:25:24'),
(627, 'BST/2021/065', 7, '2025-04-08 05:25:24'),
(628, 'BST/2021/018', 1, '2025-04-08 05:29:39'),
(629, 'BST/2021/035', 1, '2025-04-08 05:52:41'),
(630, 'BST/2021/035', 5, '2025-04-08 05:52:41'),
(631, 'BST/2021/023', 6, '2025-04-08 06:01:02'),
(632, 'BST/2021/032', 6, '2025-04-08 06:08:08'),
(635, 'ITT/2021/007', 8, '2025-05-25 08:09:46'),
(636, 'ITT/2021/007', 9, '2025-05-25 08:09:46'),
(637, 'ITT/2021/007', 10, '2025-05-25 08:09:46'),
(638, 'ITT/2021/109', 8, '2025-05-25 08:18:12'),
(639, 'ITT/2021/109', 9, '2025-05-25 08:18:12'),
(640, 'ITT/2021/109', 10, '2025-05-25 08:18:12'),
(641, 'BST/2021/083', 5, '2025-05-25 09:15:14'),
(642, 'BST/2021/095', 6, '2025-05-25 10:25:00'),
(643, 'BST/2021/095', 7, '2025-05-25 10:25:00'),
(644, 'BST/2021/095', 8, '2025-05-25 10:25:00'),
(645, 'BST/2021/095', 9, '2025-05-25 10:25:00'),
(646, 'BST/2021/095', 10, '2025-05-25 10:25:00'),
(647, 'BST/2021/095', 11, '2025-05-25 10:25:00'),
(648, 'ITT/2021/014', 8, '2025-05-26 11:31:04'),
(649, 'ITT/2021/014', 9, '2025-05-26 11:31:04'),
(650, 'ITT/2021/014', 10, '2025-05-26 11:31:04'),
(651, 'ITT/2021/096', 8, '2025-05-26 11:32:40'),
(652, 'ITT/2021/096', 9, '2025-05-26 11:32:40'),
(653, 'ITT/2021/096', 10, '2025-05-26 11:32:40'),
(654, 'ENT/2021/057', 1, '2025-05-27 16:56:04'),
(655, 'ENT/2021/057', 5, '2025-05-27 16:56:04'),
(656, 'ENT/2021/057', 6, '2025-05-27 16:56:04'),
(657, 'ENT/2021/057', 7, '2025-05-27 16:56:04'),
(658, 'ENT/2021/057', 8, '2025-05-27 16:56:04'),
(659, 'ENT/2021/057', 9, '2025-05-27 16:56:04'),
(660, 'ENT/2021/057', 10, '2025-05-27 16:56:04'),
(661, 'ENT/2021/057', 11, '2025-05-27 16:56:04'),
(662, 'ENT/2021/057', 12, '2025-05-27 16:56:04'),
(663, 'ENT/2021/057', 13, '2025-05-27 16:56:04'),
(664, 'BST/2021/088', 8, '2025-06-01 04:28:11'),
(665, 'ENT/2021/102', 10, '2025-06-01 06:44:35'),
(666, 'ITT/2021/076', 10, '2025-06-01 06:45:28'),
(667, 'ENT/2021/067', 10, '2025-06-02 05:31:19'),
(668, 'ITT/2021/106', 10, '2025-06-02 12:38:04'),
(669, 'ITT/2021/005', 10, '2025-06-02 12:38:38'),
(670, 'ITT/2021/003', 10, '2025-06-02 12:39:05'),
(671, 'ITT/2021/015', 10, '2025-06-02 12:39:48'),
(672, 'ITT/2021/025', 10, '2025-06-02 12:40:58'),
(673, 'ENT/2021/105', 8, '2025-06-02 12:45:32'),
(674, 'ENT/2021/105', 9, '2025-06-02 12:45:32'),
(675, 'ENT/2021/105', 10, '2025-06-02 12:45:32'),
(676, 'ITT/2021/057', 10, '2025-06-02 12:46:15'),
(677, 'ENT/2021/082', 10, '2025-06-02 12:48:27'),
(678, 'ENT/2021/114', 10, '2025-06-02 12:48:41'),
(679, 'ITT/2021/068', 10, '2025-06-02 12:49:53'),
(680, 'ITT/2021/043', 8, '2025-06-02 12:51:08'),
(681, 'ITT/2021/043', 9, '2025-06-02 12:51:08'),
(682, 'ITT/2021/043', 10, '2025-06-02 12:51:08'),
(683, 'ITT/2021/080', 10, '2025-06-03 14:54:41'),
(684, 'ITT/2021/060', 10, '2025-06-04 04:55:47'),
(685, 'ITT/2021/030', 10, '2025-06-04 04:56:02'),
(686, 'ITT/2021/091', 7, '2025-06-04 05:57:42'),
(687, 'ITT/2021/091', 10, '2025-06-04 05:57:42'),
(688, 'ITT/2021/088', 10, '2025-06-04 07:47:20'),
(689, 'ITT/2021/034', 10, '2025-06-04 07:47:42'),
(690, 'ITT/2021/009', 10, '2025-06-04 16:57:32'),
(691, 'BST/2021/070', 7, '2025-06-05 16:44:22'),
(692, 'BST/2021/070', 10, '2025-06-05 16:44:22'),
(693, 'ITT/2021/036', 1, '2025-06-05 16:46:15'),
(694, 'ITT/2021/036', 6, '2025-06-05 16:46:15'),
(695, 'ITT/2021/036', 7, '2025-06-05 16:46:15'),
(696, 'ITT/2021/036', 8, '2025-06-05 16:46:15'),
(697, 'ITT/2021/036', 9, '2025-06-05 16:46:15'),
(698, 'ITT/2021/036', 10, '2025-06-05 16:46:15'),
(699, 'ITT/2021/018', 6, '2025-06-05 16:47:16'),
(700, 'ITT/2021/018', 7, '2025-06-05 16:47:16'),
(701, 'ITT/2021/018', 8, '2025-06-05 16:47:16'),
(702, 'ITT/2021/018', 9, '2025-06-05 16:47:16'),
(703, 'ITT/2021/018', 10, '2025-06-05 16:47:16'),
(704, 'ITT/2021/018', 11, '2025-06-05 16:47:16'),
(705, 'ITT/2021/018', 12, '2025-06-05 16:47:16'),
(706, 'ITT/2021/018', 13, '2025-06-05 16:47:16'),
(707, 'ITT/2021/058', 10, '2025-06-06 06:11:11'),
(708, 'ITT/2021/121', 10, '2025-06-06 16:01:59'),
(709, 'ITT/2021/065', 10, '2025-06-06 16:02:19'),
(710, 'ITT/2021/026', 10, '2025-06-06 16:02:32'),
(711, 'ITT/2021/108', 10, '2025-06-06 16:02:58'),
(712, 'ITT/2021/059', 10, '2025-06-06 16:03:14'),
(713, 'ITT/2021/023', 10, '2025-06-06 16:03:33'),
(714, 'BST/2021/065', 10, '2025-06-06 16:08:52'),
(715, 'ENT/2021/024', 10, '2025-06-07 03:28:58'),
(716, 'ITT/2021/032', 10, '2025-06-07 03:29:34'),
(717, 'ITT/2021/039', 10, '2025-06-07 03:30:00'),
(718, 'ITT/2021/112', 10, '2025-06-07 03:30:28'),
(719, 'ITT/2021/090', 10, '2025-06-07 03:30:48'),
(720, 'ITT/2021/082', 10, '2025-06-07 03:31:06'),
(721, 'ITT/2021/117', 10, '2025-06-07 03:31:27'),
(722, 'ITT/2021/093', 10, '2025-06-07 03:31:44'),
(723, 'ITT/2021/113', 10, '2025-06-07 03:32:01'),
(724, 'ITT/2021/119', 10, '2025-06-07 05:57:06'),
(725, 'ITT/2021/022', 8, '2025-06-07 05:58:56'),
(726, 'ITT/2021/022', 9, '2025-06-07 05:58:56'),
(727, 'ITT/2021/022', 10, '2025-06-07 05:58:56'),
(728, 'ITT/2021/022', 11, '2025-06-07 05:58:56'),
(729, 'ITT/2021/022', 12, '2025-06-07 05:58:56'),
(730, 'ITT/2021/022', 13, '2025-06-07 05:58:56'),
(731, 'ITT/2021/116', 8, '2025-06-07 06:53:49'),
(732, 'ITT/2021/116', 9, '2025-06-07 06:53:49'),
(733, 'ITT/2021/116', 10, '2025-06-07 06:53:49'),
(734, 'ITT/2021/116', 11, '2025-06-07 06:53:49'),
(735, 'ITT/2021/038', 8, '2025-06-07 06:54:08'),
(736, 'ITT/2021/038', 9, '2025-06-07 06:54:08'),
(737, 'ITT/2021/038', 10, '2025-06-07 06:54:08'),
(738, 'ITT/2021/038', 11, '2025-06-07 06:54:08'),
(739, 'BST/2021/001', 7, '2025-06-08 12:54:48'),
(740, 'BST/2021/001', 10, '2025-06-08 12:54:48'),
(741, 'ITT/2021/085', 6, '2025-06-08 14:49:48'),
(742, 'ITT/2021/085', 7, '2025-06-08 14:49:48'),
(743, 'ITT/2021/085', 8, '2025-06-08 14:49:48'),
(744, 'ITT/2021/085', 9, '2025-06-08 14:49:48'),
(745, 'ITT/2021/085', 10, '2025-06-08 14:49:48'),
(746, 'BST/2021/088', 14, '2025-06-18 12:24:40'),
(747, 'BST/2021/052', 14, '2025-06-18 12:24:59'),
(748, 'BST/2021/012', 7, '2025-06-18 12:32:19'),
(749, 'BST/2021/012', 8, '2025-06-18 12:32:19'),
(750, 'BST/2021/012', 9, '2025-06-18 12:32:19'),
(751, 'BST/2021/012', 10, '2025-06-18 12:32:19'),
(752, 'BST/2021/012', 14, '2025-06-18 12:32:19'),
(753, 'ENT/2021/114', 14, '2025-06-18 12:33:22'),
(754, 'ENT/2021/082', 14, '2025-06-18 12:33:48'),
(755, 'ITT/2021/103', 6, '2025-06-18 12:40:46'),
(756, 'ITT/2021/103', 10, '2025-06-18 12:40:46'),
(757, 'ITT/2021/103', 14, '2025-06-18 12:40:46'),
(758, 'ENT/2021/020', 14, '2025-06-18 12:41:08'),
(759, 'ENT/2021/117', 10, '2025-06-18 12:41:37'),
(760, 'ENT/2021/117', 14, '2025-06-18 12:41:37'),
(761, 'BST/2021/003', 14, '2025-06-18 12:41:58'),
(762, 'ENT/2021/099', 14, '2025-06-18 12:44:13'),
(763, 'BST/2021/068', 14, '2025-06-19 01:57:59'),
(764, 'BST/2021/083', 14, '2025-06-19 01:58:52'),
(765, 'BST/2021/047', 14, '2025-06-19 01:59:24'),
(766, 'BST/2021/087', 14, '2025-06-19 01:59:39'),
(767, 'ITT/2021/057', 14, '2025-06-19 02:00:14'),
(768, 'ENT/2021/009', 8, '2025-06-19 02:06:23'),
(769, 'ENT/2021/009', 9, '2025-06-19 02:06:23'),
(770, 'ENT/2021/009', 10, '2025-06-19 02:06:23'),
(771, 'ENT/2021/009', 11, '2025-06-19 02:06:23'),
(772, 'ENT/2021/009', 12, '2025-06-19 02:06:23'),
(773, 'ENT/2021/009', 13, '2025-06-19 02:06:23'),
(774, 'ENT/2021/009', 14, '2025-06-19 02:06:23'),
(775, 'ENT/2021/013', 14, '2025-06-19 02:07:29'),
(776, 'ENT/2021/083', 14, '2025-06-19 02:07:39'),
(777, 'ITT/2021/109', 14, '2025-06-19 02:08:57'),
(778, 'ITT/2021/086', 8, '2025-06-19 10:51:15'),
(779, 'ITT/2021/086', 9, '2025-06-19 10:51:15'),
(780, 'ITT/2021/086', 10, '2025-06-19 10:51:15'),
(781, 'ITT/2021/086', 11, '2025-06-19 10:51:15'),
(782, 'ITT/2021/086', 14, '2025-06-19 10:51:15'),
(783, 'BST/2021/006', 14, '2025-06-19 10:51:50'),
(784, 'ITT/2021/076', 14, '2025-06-19 10:52:25'),
(785, 'ENT/2021/102', 14, '2025-06-19 10:52:57'),
(786, 'ITT/2021/100', 14, '2025-06-19 10:53:22'),
(787, 'BST/2021/096', 6, '2025-06-19 10:54:17'),
(788, 'BST/2021/096', 7, '2025-06-19 10:54:17'),
(789, 'BST/2021/096', 8, '2025-06-19 10:54:17'),
(790, 'BST/2021/096', 9, '2025-06-19 10:54:17'),
(791, 'BST/2021/096', 10, '2025-06-19 10:54:17'),
(792, 'BST/2021/096', 11, '2025-06-19 10:54:17'),
(793, 'BST/2021/096', 12, '2025-06-19 10:54:17'),
(794, 'BST/2021/096', 13, '2025-06-19 10:54:17'),
(795, 'BST/2021/096', 14, '2025-06-19 10:54:17'),
(796, 'ITT/2021/066', 14, '2025-06-19 10:55:45'),
(797, 'ITT/2021/018', 14, '2025-06-19 10:56:44'),
(798, 'ENT/2021/025', 14, '2025-06-19 10:58:39'),
(799, 'BST/2021/098', 7, '2025-06-19 10:59:16'),
(800, 'BST/2021/098', 8, '2025-06-19 10:59:16'),
(801, 'BST/2021/098', 9, '2025-06-19 10:59:16'),
(802, 'BST/2021/098', 10, '2025-06-19 10:59:16'),
(803, 'BST/2021/098', 11, '2025-06-19 10:59:16'),
(804, 'BST/2021/098', 12, '2025-06-19 10:59:16'),
(805, 'BST/2021/098', 13, '2025-06-19 10:59:16'),
(806, 'BST/2021/098', 14, '2025-06-19 10:59:16'),
(807, 'ITT/2021/089', 6, '2025-06-19 11:00:07'),
(808, 'ITT/2021/089', 7, '2025-06-19 11:00:07'),
(809, 'ITT/2021/089', 8, '2025-06-19 11:00:07'),
(810, 'ITT/2021/089', 10, '2025-06-19 11:00:07'),
(811, 'ITT/2021/089', 14, '2025-06-19 11:00:07'),
(812, 'ITT/2021/034', 5, '2025-06-19 11:00:56'),
(813, 'ITT/2021/034', 14, '2025-06-19 11:00:56'),
(814, 'ITT/2021/088', 6, '2025-06-19 11:01:45'),
(815, 'ITT/2021/088', 14, '2025-06-19 11:01:45'),
(816, 'ENT/2021/080', 14, '2025-06-19 11:02:41'),
(817, 'ENT/2021/032', 14, '2025-06-19 11:02:55'),
(818, 'ITT/2021/037', 14, '2025-06-22 09:38:08'),
(819, 'BST/2021/064', 6, '2025-06-22 09:39:02'),
(820, 'BST/2021/064', 10, '2025-06-22 09:39:02'),
(821, 'BST/2021/064', 14, '2025-06-22 09:39:02'),
(822, 'BST/2021/036', 14, '2025-06-22 09:39:54'),
(823, 'BST/2021/025', 14, '2025-06-22 09:40:46'),
(824, 'BST/2021/086', 14, '2025-06-22 09:41:14'),
(825, 'BST/2021/095', 14, '2025-06-22 09:41:50'),
(826, 'ENT/2021/067', 14, '2025-06-22 09:42:55'),
(827, 'ENT/2021/046', 14, '2025-06-22 09:43:44'),
(828, 'ITT/2021/021', 1, '2025-07-28 10:19:11'),
(829, 'ITT/2021/021', 6, '2025-07-28 10:19:11'),
(830, 'ITT/2021/021', 7, '2025-07-28 10:19:11'),
(831, 'ITT/2021/021', 8, '2025-07-28 10:19:11'),
(832, 'ITT/2021/021', 9, '2025-07-28 10:19:11'),
(833, 'ITT/2021/021', 10, '2025-07-28 10:19:11'),
(834, 'ITT/2021/021', 14, '2025-07-28 10:19:11'),
(835, 'ENT/2021/109', 14, '2025-07-28 10:22:01'),
(836, 'BST/2021/053', 14, '2025-07-28 10:23:11'),
(837, 'ITT/2021/125', 6, '2025-07-28 10:24:11'),
(838, 'ITT/2021/125', 14, '2025-07-28 10:24:11'),
(839, 'BST/2021/035', 6, '2025-07-28 10:25:45'),
(840, 'BST/2021/035', 7, '2025-07-28 10:25:45'),
(841, 'BST/2021/035', 8, '2025-07-28 10:25:45'),
(842, 'BST/2021/035', 10, '2025-07-28 10:25:45'),
(843, 'BST/2021/035', 14, '2025-07-28 10:25:45'),
(844, 'BST/2021/040', 6, '2025-07-28 10:27:26'),
(845, 'BST/2021/040', 7, '2025-07-28 10:27:26'),
(846, 'BST/2021/040', 8, '2025-07-28 10:27:26'),
(847, 'BST/2021/040', 9, '2025-07-28 10:27:26'),
(848, 'BST/2021/040', 10, '2025-07-28 10:27:26'),
(849, 'BST/2021/040', 11, '2025-07-28 10:27:26'),
(850, 'BST/2021/040', 12, '2025-07-28 10:27:26'),
(851, 'BST/2021/040', 13, '2025-07-28 10:27:26'),
(852, 'BST/2021/040', 14, '2025-07-28 10:27:26'),
(853, 'BST/2021/081', 6, '2025-07-28 10:28:10'),
(854, 'BST/2021/081', 14, '2025-07-28 10:28:10'),
(855, 'ITT/2021/047', 6, '2025-07-28 10:29:06'),
(856, 'ITT/2021/047', 7, '2025-07-28 10:29:06'),
(857, 'ITT/2021/047', 8, '2025-07-28 10:29:06'),
(858, 'ITT/2021/047', 9, '2025-07-28 10:29:06'),
(859, 'ITT/2021/047', 10, '2025-07-28 10:29:06'),
(860, 'ITT/2021/047', 11, '2025-07-28 10:29:06'),
(861, 'ITT/2021/047', 12, '2025-07-28 10:29:06'),
(862, 'ITT/2021/047', 13, '2025-07-28 10:29:06'),
(863, 'ITT/2021/047', 14, '2025-07-28 10:29:06'),
(864, 'ITT/2021/040', 14, '2025-07-28 11:29:54'),
(865, 'ITT/2021/055', 14, '2025-07-28 11:30:11'),
(866, 'ITT/2021/123', 14, '2025-07-28 11:30:20'),
(867, 'ITT/2021/104', 14, '2025-07-28 11:30:31'),
(868, 'ITT/2021/041', 14, '2025-07-28 11:30:40'),
(869, 'ITT/2021/107', 14, '2025-07-28 11:30:49'),
(870, 'ITT/2021/118', 14, '2025-07-28 11:30:58'),
(871, 'ITT/2021/079', 14, '2025-07-28 11:31:13'),
(872, 'ITT/2021/024', 14, '2025-07-28 11:31:24'),
(873, 'ITT/2021/063', 14, '2025-07-28 11:31:40'),
(874, 'ITT/2021/074', 14, '2025-07-28 11:31:52'),
(875, 'ITT/2021/095', 14, '2025-07-28 11:32:05'),
(876, 'ITT/2021/122', 14, '2025-07-28 11:32:15'),
(877, 'ITT/2021/105', 14, '2025-07-28 11:32:32'),
(878, 'ITT/2021/038', 14, '2025-07-28 11:32:44'),
(879, 'ITT/2021/090', 14, '2025-07-28 11:33:08'),
(880, 'ITT/2021/017', 14, '2025-07-28 11:33:36'),
(881, 'ITT/2021/099', 14, '2025-07-28 11:34:03'),
(882, 'ITT/2021/072', 14, '2025-07-28 11:34:12'),
(883, 'ITT/2021/058', 14, '2025-07-28 11:34:21'),
(884, 'ITT/2021/004', 14, '2025-07-28 11:34:31'),
(885, 'ITT/2021/031', 14, '2025-07-28 11:34:47'),
(886, 'ITT/2021/116', 14, '2025-07-28 11:34:59'),
(887, 'ITT/2021/001', 14, '2025-07-28 11:35:11'),
(888, 'ITT/2021/016', 14, '2025-07-28 11:35:22'),
(889, 'ITT/2021/012', 14, '2025-07-28 11:35:32'),
(890, 'ITT/2021/002', 14, '2025-07-28 11:35:44'),
(891, 'ITT/2021/036', 11, '2025-07-29 06:31:33'),
(892, 'ITT/2021/036', 13, '2025-07-29 06:31:33'),
(893, 'ITT/2021/036', 14, '2025-07-29 06:31:33'),
(894, 'ENT/2021/067', 1, '2025-07-29 06:33:30'),
(895, 'ENT/2021/067', 7, '2025-07-29 06:33:30'),
(896, 'ITT/2021/060', 8, '2025-07-29 08:30:51'),
(897, 'ITT/2021/060', 9, '2025-07-29 08:30:51'),
(898, 'ITT/2021/060', 11, '2025-07-29 08:30:51'),
(899, 'ITT/2021/060', 12, '2025-07-29 08:30:51'),
(900, 'ITT/2021/060', 13, '2025-07-29 08:30:51'),
(901, 'ITT/2021/060', 14, '2025-07-29 08:30:51');

-- --------------------------------------------------------

--
-- Table structure for table `reasons`
--

CREATE TABLE `reasons` (
  `id` int(11) NOT NULL,
  `reason` text NOT NULL,
  `price` int(11) NOT NULL
) ENGINE=InnoDB DEFAULT CHARSET=utf8mb4 COLLATE=utf8mb4_general_ci;

--
-- Dumping data for table `reasons`
--

INSERT INTO `reasons` (`id`, `reason`, `price`) VALUES
(1, 'චුලාගේ පියාගේ කප', 100),
(5, '2025 ජනවාරි', 100),
(6, '2025 පෙබරවාරි', 100),
(7, 'වත්තිගේ තාත්ගේ කප සදහා', 100),
(8, '2025 මාර්තු', 100),
(9, '2025 April ', 100),
(10, 'Poson Sadai Sarasaviyai', 100),
(11, '2025 May', 100),
(12, '2025 June', 100),
(13, '2025 July', 100),
(14, 'Rida Father ', 100);

-- --------------------------------------------------------

--
-- Table structure for table `users`
--

CREATE TABLE `users` (
  `id` int(11) NOT NULL,
  `reg_no` varchar(20) NOT NULL,
  `Name` varchar(100) CHARACTER SET utf8mb4 COLLATE utf8mb4_unicode_520_ci NOT NULL,
  `card` varchar(50) NOT NULL
) ENGINE=InnoDB DEFAULT CHARSET=utf8mb4 COLLATE=utf8mb4_general_ci;

--
-- Dumping data for table `users`
--

INSERT INTO `users` (`id`, `reg_no`, `Name`, `card`) VALUES
(1, 'BST/2021/005', 'නවීන් බණ්ඩාර', 'ගිත්තා'),
(2, 'BST/2021/010', 'Mr. Christopher P.L.J.', ''),
(3, 'BST/2021/011', 'චානක දිල්ශාන්', 'ජූන්'),
(4, 'BST/2021/014', 'Mr. Dilshan K.W.S.C.', 'ලැදා'),
(5, 'BST/2021/015', 'චාමිකදිල්ශාන්', 'දවා'),
(6, 'BST/2021/020', 'Mr. Ekanayaka E.P.M.S.M.', '-'),
(7, 'BST/2021/028', 'උමේශ් මදුරංග', '-'),
(8, 'BST/2021/034', 'ශශික සදුන් ', '-'),
(9, 'BST/2021/036', 'Mr. Jayawardhana K.S.H.R.', '-'),
(10, 'BST/2021/042', 'විදුෂ ප්‍රමෝද්', '-'),
(11, 'BST/2021/044', 'මල්ෂාන් කුමාරසිංහ', '-'),
(12, 'BST/2021/046', 'Mr. Madhumalka T.A.S.N.', '-'),
(13, 'BST/2021/047', 'හංසක මදුමාල්', 'ටොතුවා'),
(14, 'BST/2021/048', 'දිල්ශාන් මාධව', '-'),
(15, 'BST/2021/049', 'Mr. Mauyooran S.', '-'),
(16, 'BST/2021/050', 'දුල්සර මුණසිංහ', 'කෙටා'),
(17, 'BST/2021/052', 'යජිත නයනසර', '-'),
(18, 'BST/2021/058', 'ශකිල ෂෙහාන්', 'නිස්සා'),
(19, 'BST/2021/068', 'දනුෂ්ක  ලක්මාල්', '-'),
(20, 'BST/2021/070', 'චමෝද් කාවින්ද', '-'),
(21, 'BST/2021/077', 'සශින්ත සිත්මල්', '-'),
(22, 'BST/2021/078', 'සමින්ද සදරුවන්', 'පුබුවා'),
(23, 'BST/2021/088', 'සහන් ඉෂාරා', 'දීමා'),
(24, 'BST/2021/089', 'සකුන් වීරකෝන්', 'වැම්මා'),
(25, 'BST/2021/101', 'Mr. Padmasiri  P.A.A.M.K.', '-'),
(26, 'ENT/2021/001', 'මොහමඩ් සෆ්නි', 'රයියා'),
(27, 'ENT/2021/002', 'Mr. Aashif Muzeer R.M.', '-'),
(28, 'ENT/2021/005', 'රිෂිත අශේන්', '-'),
(29, 'ENT/2021/006', 'අභිෂේක් වීරසේකර', 'කැකා'),
(30, 'ENT/2021/007', 'Mr. Alwis A.D.S.', '-'),
(31, 'ENT/2021/008', 'Mr. Alwis P.A.L.C.', '-'),
(32, 'ENT/2021/009', 'හේෂාන් කාංචන', 'චුලා'),
(33, 'ENT/2021/010', 'ටිමල් ඉසුරිදු', 'කොත්තා'),
(34, 'ENT/2021/012', 'Mr. Bandara D.M.S.H.', '-'),
(35, 'ENT/2021/013', 'මිලින්ද සදරුවන්', 'බිටුවා'),
(36, 'ENT/2021/015', 'සුජිත් ප්‍රියමාල්', '-'),
(37, 'ENT/2021/016', 'Mr. Bandara S.W.M.G.E.', '-'),
(38, 'ENT/2021/020', 'සංජය සදරුවන්', 'දිමා'),
(39, 'ENT/2021/021', 'සහන් දිල්හාර', 'දනා'),
(40, 'ENT/2021/023', 'රවිදු දිල්ශාන්', 'ඇන්ඩි'),
(41, 'ENT/2021/024', 'සසිදු චමෝදය', 'කැකටා'),
(42, 'ENT/2021/025', 'චින්තක', 'මකා'),
(43, 'ENT/2021/026', 'තිසර තිලංක', 'රැකයා'),
(44, 'ENT/2021/027', 'ඉසුරු පියුමාල්', 'ඔතුලා'),
(45, 'ENT/2021/028', 'කවිදු ගිම්හාන්', 'පෙඩියා'),
(46, 'ENT/2021/030', 'හසල බුද්ධික', 'කජ්ජා'),
(47, 'ENT/2021/031', 'නවීන් චතුරංග', 'බම්මා'),
(48, 'ENT/2021/033', 'දිලංක නිලුපුල්', 'ගැන්ඩා'),
(49, 'ENT/2021/035', 'Mr. Haq S.M.I.\n', '-'),
(50, 'ENT/2021/037', 'රන්දිම දිල්ශාන්', 'යක්කා'),
(51, 'ENT/2021/039', 'උදිත ඉන්දීවර', 'හුලුනා'),
(52, 'ENT/2021/041', 'Mr. Jayalath K.I.C.', '-'),
(53, 'ENT/2021/045', 'ප්‍රවීන් චරිත්', 'වත්තා'),
(54, 'ENT/2021/047', 'Mr. Jazeer M.R.M.', '-'),
(55, 'ENT/2021/048', 'හසංක ජිවජිත්', 'දෙවලා'),
(56, 'ENT/2021/049', 'ජේශ් අහමඩ්', '-'),
(57, 'ENT/2021/050', 'ගෙවිදු කල්හාර', 'ටොවා'),
(58, 'ENT/2021/051', 'සිතුම් ග්ර්වුරව කාවින්ද', 'ගපුවා'),
(59, 'ENT/2021/052', 'කාවින්ද අකලංක', '-'),
(60, 'ENT/2021/053', 'හේමාල් කෝලිත', 'දැල්ලා'),
(61, 'ENT/2021/054', 'දිල්රුක්ෂ මදුශංක', '-'),
(62, 'ENT/2021/056', 'දිල්ශාන්ලියනගේ', '-'),
(63, 'ENT/2021/059', 'චරිත මාධුභාෂණ', 'ඇපා'),
(64, 'ENT/2021/060', 'Mr. Madhushan M.K.S.R.', '-'),
(65, 'ENT/2021/061', 'රුෂාන් මාධුභාෂණ', 'වෙඩ්ඩා'),
(66, 'ENT/2021/064', 'Mr. Madushan H.G.B.', '-'),
(67, 'ENT/2021/066', 'ජනිත මාරසිංහ', '-'),
(68, 'ENT/2021/068', 'චත්‍රිය දේශාන්', '-'),
(69, 'ENT/2021/070', 'ශමිල දිල්ශාන්', 'ලයා'),
(70, 'ENT/2021/073', 'ඉන්දුජ නෙත්රසිංහ', 'හිම්මා'),
(71, 'ENT/2021/074', 'ටෙශාන් පසිදු', 'කේලා'),
(72, 'ENT/2021/075', 'අනුපදී අචිර', 'ඔස්ටින්'),
(73, 'ENT/2021/077', 'තිලින පැතුම්', 'වතුලා'),
(74, 'ENT/2021/078', 'නෙත්ම පැහැසර', 'සයියා'),
(75, 'ENT/2021/079', 'Mr. Piratheepan S.', 'ජැරුවා'),
(76, 'ENT/2021/080', 'ඉනින්ද්‍ර ප්‍රබෂ්වර', 'ගුතා'),
(77, 'ENT/2021/081', 'Mr. Prabath D.M.S.T.', '-'),
(78, 'ENT/2021/082', 'සවිදු මඩුභාෂණ', '-'),
(79, 'ENT/2021/083', 'තරිදු ලක්ෂාන්', 'කිවා'),
(80, 'ENT/2021/084', 'නදුන් සත්සර', '-'),
(81, 'ENT/2021/085', 'අහමඩ් රස්මි', 'සෙකා'),
(82, 'ENT/2021/086', 'එරංග රත්නායක', 'බ්ලොකා'),
(83, 'ENT/2021/088', 'Mr. Rodrigo B.K.K.N.', '-'),
(84, 'ENT/2021/092', 'සහිලාන්', '-'),
(85, 'ENT/2021/093', 'Mr. Sajath M.C.M.', '-'),
(86, 'ENT/2021/094', 'Mr. Sandaruwan R.M.', '-'),
(87, 'ENT/2021/096', 'සංජුන කවිෂ්ක', 'පිඩුවා'),
(88, 'ENT/2021/099', 'ගනිදු කාවින්ද', 'පුරියා'),
(89, 'ENT/2021/101', 'ගීත්ම තෙන්නකෝන්', 'නවුරා'),
(90, 'ENT/2021/102', 'අවිශ්ක දේශාන්', 'උදුවා'),
(91, 'ENT/2021/103', 'වරුණ විදුරංග', 'ජැකුවා'),
(92, 'ENT/2021/104', 'විශ්වජිත් දර්ශන', '-'),
(93, 'ENT/2021/105', 'පුබුදු ලක්ෂාන්', 'දාලා'),
(94, 'ENT/2021/106', 'රුචිත් වීරක්කොඩි', '-'),
(95, 'ENT/2021/107', 'Mr. Weerasekara W.K.S.D.', 'තැයියා'),
(96, 'ENT/2021/108', 'චතුර ප්‍රභාතිය', 'ලැරියා'),
(97, 'ENT/2021/109', 'ඉෂාන් සදවින්න', 'ගැකුවා'),
(98, 'ENT/2021/110', 'තරිදු මදුශංක', 'ලයිටා'),
(99, 'ENT/2021/111', 'බානු ජගත්', 'මත්තා'),
(100, 'ENT/2021/112', 'පහන් රවිදු', 'පොජ්ජා'),
(101, 'ENT/2021/114', 'ප්‍රභාත් විජේරත්න', 'වරා'),
(102, 'ENT/2021/116', 'ඉසුරු නුවන්ත', 'හැමා'),
(103, 'ENT/2021/117', 'ගැමුණු විජෙසිංහ', 'ලෙම්බා'),
(104, 'ENT/2021/118', 'යුරේෂ් යසන්ත', '-'),
(105, 'ENT/2021/119', 'මොහමඩ් යසීර්', '-'),
(106, 'ENT/2021/122', 'Mr. Jayakody R.D.', '-'),
(107, 'ENT/2021/123', 'හේෂාන් කාවින්ද', 'මැරලා'),
(108, 'ENT/2021/124', 'ඉන්ද්‍රජිත් විදුනුවන්', '-'),
(109, 'ENT/2021/127', 'ඉශාන් කවිෂ්ක', 'සෝනු'),
(110, 'ITT/2021/003', 'සදෙව් හිරුදිත', 'කැම්මා'),
(111, 'ITT/2021/005', 'බානුක අබේසිංහ', 'ලින්ඩා'),
(112, 'ITT/2021/006', 'සයස් අහමඩ්', 'ලැම්ඩා'),
(113, 'ITT/2021/007', 'Mr. Amarasinghe A.A.D.N.C.', 'කෑලා'),
(114, 'ITT/2021/010', 'Mr. Aron R.', '-'),
(115, 'ITT/2021/011', 'අරුෂ්', 'රජ්ජා'),
(116, 'ITT/2021/013', 'Mr. Aththanayaka G.H.C.J.', '-'),
(117, 'ITT/2021/014', 'ගයාන් නදීෂ', 'ජුලුවා'),
(118, 'ITT/2021/015', 'සදුන් බණ්ඩාර', 'පෙඩුවා'),
(119, 'ITT/2021/022', 'ෂෙහාර දෙවනගල', 'ලින්දා'),
(120, 'ITT/2021/023', 'ප්‍රගීත් දිදුශංක', 'ගජ්ජා'),
(121, 'ITT/2021/024', 'ජගනාදන් දිලක්ෂන්', '-'),
(122, 'ITT/2021/025', 'දිනිත් දිල්ශාන්', 'ලිනා'),
(123, 'ITT/2021/026', 'දිනුක යසින්ත', 'සුයියා'),
(124, 'ITT/2021/027', 'Mr. Dissanayaka N.M.', '-'),
(125, 'ITT/2021/028', 'Mr. Dissanayake D.M.I.S', '-'),
(126, 'ITT/2021/029', 'සංජුල ශේෂාන්', 'තොන්නා'),
(127, 'ITT/2021/030', 'නවෝද් ', 'බිහලා'),
(128, 'ITT/2021/032', 'චමිල් ඉරෝෂන්', 'කටුනා'),
(129, 'ITT/2021/037', 'දිනිත් හරින්ද්‍ර', 'චෙගූ'),
(130, 'ITT/2021/038', 'අස්මිත පසිදු', 'හිදුවා'),
(131, 'ITT/2021/039', 'දිල්ශාන් මධුශංක', 'හුන්නා'),
(132, 'ITT/2021/041', 'තත්සර ධනුශ්ක', 'ගැබා'),
(133, 'ITT/2021/043', 'දිමුතු ලක්ෂාන්', 'පෝරුවා'),
(134, 'ITT/2021/044', 'මොහමඩ් හසීම්', '-'),
(135, 'ITT/2021/045', 'ඉහිසාන්', '-'),
(136, 'ITT/2021/049', 'Mr. Jawahar M.S.M.', '-'),
(137, 'ITT/2021/051', 'ඉදුනිල් නිමේෂ', 'අරා'),
(138, 'ITT/2021/053', 'Mr. Kajeeparaj S.', '-'),
(139, 'ITT/2021/054', 'නදීර ගයාෂාන්', 'සපා'),
(140, 'ITT/2021/055', 'හරිත කපුගෙදර', 'කෝලා'),
(141, 'ITT/2021/056', 'පණ්ඩුක කරුණාතිලක', 'වේලු'),
(142, 'ITT/2021/057', 'හිරුන් කාවින්ද', 'ගිලා'),
(143, 'ITT/2021/059', 'චමිල් විරංග', '-'),
(144, 'ITT/2021/061', 'Mr. Lakmal K.P.J.K.', '-'),
(145, 'ITT/2021/062', 'රවින්ද්‍ර ලක්ෂාන්', 'ත්‍රිපා'),
(146, 'ITT/2021/063', 'නිමේෂ් ලක්ෂාන්', 'රොකයා'),
(147, 'ITT/2021/065', 'දුලාර මදුශංක', 'ගෝසා'),
(148, 'ITT/2021/067', 'මනාසීර්', '-'),
(149, 'ITT/2021/068', 'ලසිත් මනෝදය', 'කන්නා'),
(150, 'ITT/2021/070', 'Mr. Mohamed R.A.', '-'),
(151, 'ITT/2021/071', 'ශසාන්', '-'),
(152, 'ITT/2021/074', 'නදුක යොමාල්', 'ලැම්බා'),
(153, 'ITT/2021/077', 'ඉනුෂ දම්රුවන්', 'වෙරන්'),
(154, 'ITT/2021/079', 'හිරුෂාන් ප්‍රේමරත්න', 'වෙරා'),
(155, 'ITT/2021/080', 'අබ්දුල් රහුමාන්', 'මෙතිල්'),
(156, 'ITT/2021/081', 'Mr. Ranasingha K.M.P.G.N.D.B.', '-'),
(157, 'ITT/2021/082', 'Mr. Ranasingha T.R.S.M.', '-'),
(158, 'ITT/2021/084', 'ශේනිත් ශනිදු', 'බයා'),
(159, 'ITT/2021/085', 'හෂෙන් සශින්ත', 'දැපා'),
(160, 'ITT/2021/086', 'නවිදු හිරුෂ', 'වඩියා'),
(161, 'ITT/2021/087', 'Mr. Risny R.', '-'),
(162, 'ITT/2021/089', 'සහන් සමිදු', 'මෙයියා'),
(163, 'ITT/2021/090', 'ශානික සදුන්', '-'),
(164, 'ITT/2021/091', 'යොහාන් කවිෂ්ක', 'රල්ලා'),
(165, 'ITT/2021/093', 'පවිදු සංදීප', 'කැපා'),
(166, 'ITT/2021/094', 'අස්ෆාක්', '-'),
(167, 'ITT/2021/095', 'කවීන් ධනංජය', 'සැන්ඩා'),
(168, 'ITT/2021/096', 'හසිත් ෂෙනාල්', 'වරුවා'),
(169, 'ITT/2021/102', 'චන්න විමුක්ති', 'දෙවුරා'),
(170, 'ITT/2021/104', 'ඕෂද දනංජය', 'පවුනා'),
(171, 'ITT/2021/106', 'තීක්ෂණ තෙන්නකෝන්', 'කිකයා'),
(172, 'ITT/2021/107', 'දිනිදු තිලක්ෂාන්', 'බදුනා'),
(173, 'ITT/2021/108', 'හසරංග ඉදුරු', 'ගපා'),
(174, 'ITT/2021/109', 'ශශික දුලාංජය', 'ලෙටා'),
(175, 'ITT/2021/112', 'දමිත කසුන්', '-'),
(176, 'ITT/2021/113', 'එරංග  ශ්‍රීමාල්', '-'),
(177, 'ITT/2021/114', 'රුක්ෂාන් දිනුෂ', 'ඒලා'),
(178, 'ITT/2021/115', 'නවින්ද වික්‍රමරත්න', '-'),
(179, 'ITT/2021/117', 'හර්ෂණ අධිකාරි', '-'),
(180, 'ITT/2021/118', 'යොහාන්  රන්සරු සිල්වා', 'මතුවා'),
(181, 'ITT/2021/119', 'ලහිරුද කිත්සිරි', 'නත්තා'),
(182, 'ITT/2021/121', 'ඔමාල් හසල', 'ගැයියා'),
(183, 'ITT/2021/122', 'යසිත් ඉනෝජ', 'නැටා'),
(184, 'ITT/2021/124', 'Mr. Joyal   C.', '-'),
(185, 'ITT/2021/046', '-', '-'),
(186, 'BST/2021/033', 'Mr. Jayashantha R.M.C.D.', '-'),
(187, 'BST/2021/060', 'සාලිය මනරංජන', 'රිදා'),
(188, 'ENT/2021/042', 'Mr. Jayarathna E.M.T.K.', '-'),
(189, 'ENT/2021/121', 'Mr. Ekanayaka S.M.', '-'),
(190, 'ENT/2020/064', 'Mr. Lakshitha H.D.R.', '-'),
(191, 'ITT/2021/060', 'ලසිදු චාරුන්ද', 'මනවා'),
(192, 'ITT/2021/123', 'නෙත්ම අභිෂේක්', 'ඇකුවා'),
(193, 'BST/2021/001', 'තරුෂි අමන්දා', '-'),
(194, 'BST/2021/002', 'පබාශි ශශදරා', 'මපී'),
(195, 'BST/2021/003', 'මදුමාලි', 'සෙනු'),
(196, 'BST/2021/004', 'අවින්දී දිල්මි', '-'),
(197, 'BST/2021/006', 'නිමේෂා', 'සදී'),
(198, 'BST/2021/007', 'Ms. Begam M.S.S.', '-'),
(199, 'BST/2021/008', 'ජනනි චාමිකා', '-'),
(200, 'BST/2021/009', 'ඉෂානි චන්දිමා', 'දිත්ති'),
(201, 'BST/2021/012', 'සරණි මධුෂිකා', 'දුරී'),
(202, 'BST/2021/016', 'ඩිරෝශිකා', '-'),
(203, 'BST/2021/017', 'දෙවුමිණි', 'ගොසි'),
(204, 'BST/2021/018', 'නිමන්ති පුර්ණිමා', '-'),
(205, 'BST/2021/019', 'කෞශල්‍ය දිසානායක', 'කිරුමි'),
(206, 'BST/2021/021', 'Ms. Fathima A.M.I.', '-'),
(207, 'BST/2021/022', 'දිල්හාර තරිදුණි', 'අංගී'),
(208, 'BST/2021/023', 'කුලශා අසේනි', 'නුවී'),
(209, 'BST/2021/024', 'චනුශි ලක්ෂානි', 'මතුනි'),
(210, 'BST/2021/025', 'පුර්ණිමා ගුණතිලක', '-'),
(211, 'BST/2021/027', 'Ms. Gunathunga N.H.I.L.', '-'),
(212, 'BST/2021/029', 'නෙත්මි හිරුණිකා', '-'),
(213, 'BST/2021/030', 'රෝෂිණි ජයලත්', '-'),
(214, 'BST/2021/031', '#REF!', '-'),
(215, 'BST/2021/032', 'තරුෂි ජයරත්න', '-'),
(216, 'BST/2021/035', 'ජයතිලක', 'මුලි'),
(217, 'BST/2021/037', 'භාග්‍ය කළුආරච්චි', 'කුබි'),
(218, 'BST/2021/038', 'Ms. Kanista K.', '-'),
(219, 'BST/2021/040', 'මධුෂා සෙව්වන්දි', 'සිනී'),
(220, 'BST/2021/041', 'Ms. Kavindi W.A.V.', '-'),
(221, 'BST/2021/045', 'නිමන්ති කුමාරි', 'දුනි'),
(222, 'BST/2021/051', 'ෆාතිමා මුශ්ෆිකා', '-'),
(223, 'BST/2021/053', 'හංසිකා නෙත්මි', 'මනී'),
(224, 'BST/2021/054', 'අශානි නිසංසලා', 'නිදු'),
(225, 'BST/2021/055', 'ලලනි නිසංසලා', '-'),
(226, 'BST/2021/056', 'Ms. Nitharshini K.', '-'),
(227, 'BST/2021/057', 'අචිනි සෙව්වන්දි', '-'),
(228, 'BST/2021/059', 'සදුනි කල්පනා', '-'),
(229, 'BST/2021/061', 'සුපුනි මදුෂානි', 'පතී'),
(230, 'BST/2021/062', 'අශින්සනි නවෝදයා', 'රිතූ'),
(231, 'BST/2021/064', 'ගයානි සදුනිකා', '-'),
(232, 'BST/2021/065', 'නෙත්මි පබසරා', '-'),
(233, 'BST/2021/066', 'නදීශා දුලන්ජනි', '-'),
(234, 'BST/2021/067', 'දිල්මි රශ්මිකා', '-'),
(235, 'BST/2021/069', 'කාවින්ද්‍යා', 'කිදූ'),
(236, 'BST/2021/072', 'සදුමිනි', '-'),
(237, 'BST/2021/073', 'Ms. Safna A.M.P.', '-'),
(238, 'BST/2021/074', 'Ms. Safreena L.S.F.', '-'),
(239, 'BST/2021/075', 'Ms. Sajeetha M.', '-'),
(240, 'BST/2021/076', 'පමෝදා මදුශානි', 'සෙකි'),
(241, 'BST/2021/080', 'ශෂිනි සේනානායක', '-'),
(242, 'BST/2021/081', 'හෂිකා සෙව්මිණි', 'තලි'),
(243, 'BST/2021/082', 'Ms. Sewwandi K.D.', 'පරුවි'),
(244, 'BST/2021/083', 'උමෙශිකා සුපුන්සරා', 'තකමි'),
(245, 'BST/2021/085', 'වසනා හර්ෂණී', 'යාරු'),
(246, 'BST/2021/086', 'නිපුනි තාක්ෂණ', 'නිනා'),
(247, 'BST/2021/087', 'Ms. Thilakarathna J.S.I.', '-'),
(248, 'BST/2021/090', 'Ms. Weerarathna G.H.S.S.H.', '-'),
(249, 'BST/2021/091', 'ප්‍රභානි විරසිංහ', 'සතු'),
(250, 'BST/2021/092', 'දිල්ශා', 'අකී'),
(251, 'BST/2021/093', 'චාමිකා දෙවින්ද්‍ර', '-'),
(252, 'BST/2021/095', 'අමන්දා තත්සරනි', '-'),
(253, 'BST/2021/096', 'නිම්නාවී භාවනා', 'සැදී'),
(254, 'BST/2021/097', 'හිරුනි ඉමාශා', '-'),
(255, 'BST/2021/098', 'හංසි විමලදාස', 'මොද්දී'),
(256, 'BST/2021/099', 'මහේෂිකා දිල්රුක්ෂි', 'ගිනා'),
(257, 'BST/2021/100', 'Ms. Santhirasekaran J.', '-'),
(258, 'ENT/2021/004', 'දිවයානි අබේරත්න', 'මයමි'),
(259, 'ENT/2021/011', 'රුවිණි අතුකෝරල', '-'),
(260, 'ENT/2021/014', 'නිපුනි තක්‍ෂිලා', 'සාරා'),
(261, 'ENT/2021/017', 'Ms. Bandara W.R.Y.B.', '-'),
(262, 'ENT/2021/018', 'ගයනි ලක්ෂිකා', '-'),
(263, 'ENT/2021/019', 'මල්ෂා දේවින්දි', '-'),
(264, 'ENT/2021/029', 'Ms. Gowreesan G.', '-'),
(265, 'ENT/2021/032', 'ජනනි චමෝද්‍යා', 'කිස්සී'),
(266, 'ENT/2021/038', 'ශෂිනි වාසනා', '-'),
(267, 'ENT/2021/040', 'සයුරි', '-'),
(268, 'ENT/2021/044', 'Ms. Jayasinghe A.D.B.T.', 'ගැටු'),
(269, 'ENT/2021/046', 'සෙව්මිණි දිලේෂි', '-'),
(270, 'ENT/2021/057', 'යසාරා ලියනගේ', 'තැසි'),
(271, 'ENT/2021/065', 'Ms. Malki H.K.I.', '-'),
(272, 'ENT/2021/067', 'අමානි', '-'),
(273, 'ENT/2021/071', ' හිරුෂි කාවින්ද්‍යා', '-'),
(274, 'ENT/2021/089', 'Ms. Rosa S.P.M.D.', '-'),
(275, 'ENT/2021/090', 'කුශානි', 'හදී'),
(276, 'ENT/2021/091', 'කුජානි', 'පබා'),
(277, 'ENT/2021/097', 'රශ්මි සත්සරණී', 'නිකි'),
(278, 'ENT/2021/098', 'සත්සරණී', 'හුලුනි'),
(279, 'ENT/2021/113', 'සදලි විමාෂා', '-'),
(280, 'ENT/2021/115', 'Ms. Wijerathne D.L.', '-'),
(281, 'ENT/2021/120', 'නිමේෂා බණ්ඩාර', '-'),
(282, 'ENT/2021/125', 'හංසිකා ප්‍රසදනී', 'ගීතී'),
(283, 'ENT/2021/126', 'රේෂ්මි තරුෂිකා', '-'),
(284, 'ITT/2021/001', ' ෆාතිමා  ආලියා', '-'),
(285, 'ITT/2021/002', 'M.M.A අබීල්', '-'),
(286, 'ITT/2021/004', 'චතුනි ඉෂාර', 'දටී'),
(287, 'ITT/2021/009', 'Ms. Ariyakeerthi K.I.A.', '-'),
(288, 'ITT/2021/012', 'ඉමේෂා', '-'),
(289, 'ITT/2021/016', 'රුෂ්දා බානු', 'මංගී'),
(290, 'ITT/2021/017', 'චරුණී මලීෂා', 'සැඩි'),
(291, 'ITT/2021/018', 'අංජනා චමෝදනී', '-'),
(292, 'ITT/2021/021', 'චන්දුනි ජලන්ගා', 'මදුනි'),
(293, 'ITT/2021/031', 'Ms. Fasahath M.J.F.', 'මුද්දී'),
(294, 'ITT/2021/033', 'හිරුෂි ගයාන්ජලි', '-'),
(295, 'ITT/2021/034', 'Ms. Gunarathna S.L.', '-'),
(296, 'ITT/2021/035', 'සෞභාග්‍යා', '-'),
(297, 'ITT/2021/036', 'M.J.F.හම්දිලා', '-'),
(298, 'ITT/2021/040', 'නෙත්මිණි', '-'),
(299, 'ITT/2021/047', 'දිනිති ඉදුවරනි', '-'),
(300, 'ITT/2021/048', 'ෆාතිමා ඉන්ෂිරා', '-'),
(301, 'ITT/2021/058', 'කුමුදු කාවින්ද්‍යා', 'කවී'),
(302, 'ITT/2021/066', 'තනුජා මදුමාලි', 'සෙනී'),
(303, 'ITT/2021/072', 'ඩිශානි', 'හැනී'),
(304, 'ITT/2021/075', 'නිෂ්මා', '-'),
(305, 'ITT/2021/076', 'ඉෂාර නිස්සංක', 'සත්ති'),
(306, 'ITT/2021/078', 'Ms. Prabodani H.A.C.', '-'),
(307, 'ITT/2021/088', 'හෂිනිකා අබේකෝන්', 'දෙපී'),
(308, 'ITT/2021/098', 'අශේනි සුමල්කා', '-'),
(309, 'ITT/2021/099', 'සහස්‍රා නවෝධි', 'සැත්තී'),
(310, 'ITT/2021/100', 'නෙත්මි දෙවින්දයා', '-'),
(311, 'ITT/2021/101', 'විහිනි සුබසිංහ', '-'),
(312, 'ITT/2021/103', 'තරුෂි දිල්ශානි', 'දපුනි'),
(313, 'ITT/2021/105', 'නිපුනි', '-'),
(314, 'ITT/2021/110', 'Ms. Waduwawala W.N.A.', '-'),
(315, 'ITT/2021/111', 'සදුනි වන්නිආරච්චි', 'යෙමි'),
(316, 'ITT/2021/116', 'විහංගි විමාෂා', '-'),
(317, 'ITT/2021/125', 'මහිෂා මදුෂිකා', '-'),
(318, 'BST/2021/013', 'රශ්මිකා දික්මාදුගොඩ', '-'),
(319, 'BST/2021/026', 'Ms. Gunathilaka H.N.', '-'),
(320, 'BST/2021/043', 'Ms. Kulasooriya K.A.N.K.', '-'),
(321, 'BST/2021/094', 'මහිෂා විජේකෝන්', '-'),
(322, 'BST/2021/063', 'හෂිනිකා මදුශානි', '-'),
(323, '', '', ''),
(324, '', '', ''),
(325, '', '', ''),
(326, '', '', ''),
(327, '', '', ''),
(328, '', '', ''),
(329, '', '', ''),
(330, '', '', ''),
(331, '', '', ''),
(332, '', '', ''),
(333, '', '', ''),
(334, '', '', ''),
(335, '', '', ''),
(336, '', '', ''),
(337, '', '', ''),
(338, '', '', ''),
(339, '', '', ''),
(340, '', '', ''),
(341, '', '', ''),
(342, '', '', ''),
(343, '', '', ''),
(344, '', '', ''),
(345, '', '', ''),
(346, '', '', ''),
(347, '', '', ''),
(348, '', '', ''),
(349, '', '', ''),
(350, '', '', ''),
(351, '', '', ''),
(352, '', '', ''),
(353, '', '', ''),
(354, '', '', ''),
(355, '', '', ''),
(356, '', '', ''),
(357, '', '', ''),
(358, '', '', ''),
(359, '', '', ''),
(360, '', '', ''),
(361, '', '', ''),
(362, '', '', ''),
(363, '', '', ''),
(364, '', '', ''),
(365, '', '', ''),
(366, '', '', ''),
(367, '', '', ''),
(368, '', '', ''),
(369, '', '', ''),
(370, '', '', ''),
(371, '', '', ''),
(372, '', '', ''),
(373, '', '', ''),
(374, '', '', ''),
(375, '', '', ''),
(376, '', '', ''),
(377, '', '', ''),
(378, '', '', ''),
(379, '', '', ''),
(380, '', '', ''),
(381, '', '', ''),
(382, '', '', ''),
(383, '', '', ''),
(384, '', '', ''),
(385, '', '', ''),
(386, '', '', ''),
(387, '', '', ''),
(388, '', '', ''),
(389, '', '', ''),
(390, '', '', ''),
(391, '', '', ''),
(392, '', '', ''),
(393, '', '', ''),
(394, '', '', ''),
(395, '', '', ''),
(396, '', '', ''),
(397, '', '', ''),
(398, '', '', ''),
(399, '', '', ''),
(400, '', '', ''),
(401, '', '', ''),
(402, '', '', ''),
(403, '', '', ''),
(404, '', '', ''),
(405, '', '', ''),
(406, '', '', ''),
(407, '', '', ''),
(408, '', '', ''),
(409, '', '', ''),
(410, '', '', ''),
(411, '', '', ''),
(412, '', '', ''),
(413, '', '', ''),
(414, '', '', ''),
(415, '', '', ''),
(416, '', '', ''),
(417, '', '', ''),
(418, '', '', ''),
(419, '', '', ''),
(420, '', '', ''),
(421, '', '', ''),
(422, '', '', ''),
(423, '', '', ''),
(424, '', '', ''),
(425, '', '', ''),
(426, '', '', ''),
(427, '', '', ''),
(428, '', '', ''),
(429, '', '', ''),
(430, '', '', ''),
(431, '', '', ''),
(432, '', '', ''),
(433, '', '', ''),
(434, '', '', ''),
(435, '', '', ''),
(436, '', '', ''),
(437, '', '', ''),
(438, '', '', ''),
(439, '', '', ''),
(440, '', '', ''),
(441, '', '', ''),
(442, '', '', ''),
(443, '', '', ''),
(444, '', '', ''),
(445, '', '', ''),
(446, '', '', ''),
(447, '', '', ''),
(448, '', '', ''),
(449, '', '', ''),
(450, '', '', ''),
(451, '', '', ''),
(452, '', '', ''),
(453, '', '', ''),
(454, '', '', ''),
(455, '', '', ''),
(456, '', '', ''),
(457, '', '', ''),
(458, '', '', ''),
(459, '', '', ''),
(460, '', '', ''),
(461, '', '', ''),
(462, '', '', ''),
(463, '', '', ''),
(464, '', '', ''),
(465, '', '', ''),
(466, '', '', ''),
(467, '', '', ''),
(468, '', '', ''),
(469, '', '', ''),
(470, '', '', ''),
(471, '', '', ''),
(472, '', '', ''),
(473, '', '', ''),
(474, '', '', ''),
(475, '', '', ''),
(476, '', '', ''),
(477, '', '', ''),
(478, '', '', ''),
(479, '', '', ''),
(480, '', '', ''),
(481, '', '', ''),
(482, '', '', ''),
(483, '', '', ''),
(484, '', '', ''),
(485, '', '', ''),
(486, '', '', ''),
(487, '', '', ''),
(488, '', '', ''),
(489, '', '', ''),
(490, '', '', ''),
(491, '', '', ''),
(492, '', '', ''),
(493, '', '', ''),
(494, '', '', ''),
(495, '', '', ''),
(496, '', '', ''),
(497, '', '', ''),
(498, '', '', ''),
(499, '', '', ''),
(500, '', '', ''),
(501, '', '', ''),
(502, '', '', ''),
(503, '', '', ''),
(504, '', '', ''),
(505, '', '', ''),
(506, '', '', ''),
(507, '', '', ''),
(508, '', '', ''),
(509, '', '', ''),
(510, '', '', ''),
(511, '', '', ''),
(512, '', '', ''),
(513, '', '', ''),
(514, '', '', ''),
(515, '', '', ''),
(516, '', '', ''),
(517, '', '', ''),
(518, '', '', ''),
(519, '', '', ''),
(520, '', '', ''),
(521, '', '', ''),
(522, '', '', ''),
(523, '', '', ''),
(524, '', '', ''),
(525, '', '', ''),
(526, '', '', ''),
(527, '', '', ''),
(528, '', '', ''),
(529, '', '', ''),
(530, '', '', ''),
(531, '', '', ''),
(532, '', '', ''),
(533, '', '', ''),
(534, '', '', ''),
(535, '', '', ''),
(536, '', '', ''),
(537, '', '', ''),
(538, '', '', ''),
(539, '', '', ''),
(540, '', '', ''),
(541, '', '', ''),
(542, '', '', ''),
(543, '', '', ''),
(544, '', '', ''),
(545, '', '', ''),
(546, '', '', ''),
(547, '', '', ''),
(548, '', '', ''),
(549, '', '', ''),
(550, '', '', ''),
(551, '', '', ''),
(552, '', '', ''),
(553, '', '', ''),
(554, '', '', ''),
(555, '', '', ''),
(556, '', '', ''),
(557, '', '', ''),
(558, '', '', ''),
(559, '', '', ''),
(560, '', '', ''),
(561, '', '', ''),
(562, '', '', ''),
(563, '', '', ''),
(564, '', '', ''),
(565, '', '', ''),
(566, '', '', ''),
(567, '', '', ''),
(568, '', '', ''),
(569, '', '', ''),
(570, '', '', ''),
(571, '', '', ''),
(572, '', '', ''),
(573, '', '', ''),
(574, '', '', ''),
(575, '', '', ''),
(576, '', '', ''),
(577, '', '', ''),
(578, '', '', ''),
(579, '', '', ''),
(580, '', '', ''),
(581, '', '', ''),
(582, '', '', ''),
(583, '', '', ''),
(584, '', '', ''),
(585, '', '', ''),
(586, '', '', ''),
(587, '', '', ''),
(588, '', '', ''),
(589, '', '', ''),
(590, '', '', ''),
(591, '', '', ''),
(592, '', '', ''),
(593, '', '', ''),
(594, '', '', ''),
(595, '', '', ''),
(596, '', '', ''),
(597, '', '', ''),
(598, '', '', ''),
(599, '', '', ''),
(600, '', '', ''),
(601, '', '', ''),
(602, '', '', ''),
(603, '', '', ''),
(604, '', '', ''),
(605, '', '', ''),
(606, '', '', ''),
(607, '', '', ''),
(608, '', '', ''),
(609, '', '', ''),
(610, '', '', ''),
(611, '', '', ''),
(612, '', '', ''),
(613, '', '', ''),
(614, '', '', ''),
(615, '', '', ''),
(616, '', '', ''),
(617, '', '', ''),
(618, '', '', ''),
(619, '', '', ''),
(620, '', '', ''),
(621, '', '', ''),
(622, '', '', ''),
(623, '', '', ''),
(624, '', '', ''),
(625, '', '', ''),
(626, '', '', ''),
(627, '', '', ''),
(628, '', '', ''),
(629, '', '', ''),
(630, '', '', ''),
(631, '', '', ''),
(632, '', '', ''),
(633, '', '', ''),
(634, '', '', ''),
(635, '', '', ''),
(636, '', '', ''),
(637, '', '', ''),
(638, '', '', ''),
(639, '', '', ''),
(640, '', '', ''),
(641, '', '', ''),
(642, '', '', ''),
(643, '', '', ''),
(644, '', '', ''),
(645, '', '', ''),
(646, '', '', ''),
(647, '', '', ''),
(648, '', '', ''),
(649, '', '', ''),
(650, '', '', ''),
(651, '', '', ''),
(652, '', '', ''),
(653, '', '', ''),
(654, '', '', ''),
(655, '', '', ''),
(656, '', '', ''),
(657, '', '', ''),
(658, '', '', ''),
(659, '', '', ''),
(660, '', '', ''),
(661, '', '', ''),
(662, '', '', ''),
(663, '', '', ''),
(664, '', '', ''),
(665, '', '', ''),
(666, '', '', ''),
(667, '', '', ''),
(668, '', '', ''),
(669, '', '', ''),
(670, '', '', ''),
(671, '', '', ''),
(672, '', '', ''),
(673, '', '', ''),
(674, '', '', ''),
(675, '', '', ''),
(676, '', '', ''),
(677, '', '', ''),
(678, '', '', ''),
(679, '', '', ''),
(680, '', '', ''),
(681, '', '', ''),
(682, '', '', ''),
(683, '', '', ''),
(684, '', '', ''),
(685, '', '', ''),
(686, '', '', ''),
(687, '', '', ''),
(688, '', '', ''),
(689, '', '', ''),
(690, '', '', ''),
(691, '', '', ''),
(692, '', '', ''),
(693, '', '', ''),
(694, '', '', ''),
(695, '', '', ''),
(696, '', '', ''),
(697, '', '', ''),
(698, '', '', ''),
(699, '', '', ''),
(700, '', '', ''),
(701, '', '', ''),
(702, '', '', ''),
(703, '', '', ''),
(704, '', '', ''),
(705, '', '', ''),
(706, '', '', ''),
(707, '', '', ''),
(708, '', '', ''),
(709, '', '', ''),
(710, '', '', ''),
(711, '', '', ''),
(712, '', '', ''),
(713, '', '', ''),
(714, '', '', ''),
(715, '', '', ''),
(716, '', '', ''),
(717, '', '', ''),
(718, '', '', ''),
(719, '', '', ''),
(720, '', '', ''),
(721, '', '', ''),
(722, '', '', ''),
(723, '', '', ''),
(724, '', '', ''),
(725, '', '', ''),
(726, '', '', ''),
(727, '', '', ''),
(728, '', '', ''),
(729, '', '', ''),
(730, '', '', ''),
(731, '', '', ''),
(732, '', '', ''),
(733, '', '', ''),
(734, '', '', ''),
(735, '', '', ''),
(736, '', '', ''),
(737, '', '', ''),
(738, '', '', ''),
(739, '', '', ''),
(740, '', '', ''),
(741, '', '', ''),
(742, '', '', ''),
(743, '', '', ''),
(744, '', '', ''),
(745, '', '', ''),
(746, '', '', ''),
(747, '', '', ''),
(748, '', '', ''),
(749, '', '', ''),
(750, '', '', ''),
(751, '', '', ''),
(752, '', '', ''),
(753, '', '', ''),
(754, '', '', ''),
(755, '', '', ''),
(756, '', '', ''),
(757, '', '', ''),
(758, '', '', ''),
(759, '', '', ''),
(760, '', '', ''),
(761, '', '', ''),
(762, '', '', ''),
(763, '', '', ''),
(764, '', '', ''),
(765, '', '', ''),
(766, '', '', ''),
(767, '', '', ''),
(768, '', '', ''),
(769, '', '', ''),
(770, '', '', ''),
(771, '', '', ''),
(772, '', '', ''),
(773, '', '', ''),
(774, '', '', ''),
(775, '', '', ''),
(776, '', '', ''),
(777, '', '', ''),
(778, '', '', ''),
(779, '', '', ''),
(780, '', '', ''),
(781, '', '', ''),
(782, '', '', ''),
(783, '', '', ''),
(784, '', '', ''),
(785, '', '', ''),
(786, '', '', ''),
(787, '', '', ''),
(788, '', '', ''),
(789, '', '', ''),
(790, '', '', ''),
(791, '', '', ''),
(792, '', '', ''),
(793, '', '', ''),
(794, '', '', ''),
(795, '', '', ''),
(796, '', '', ''),
(797, '', '', ''),
(798, '', '', ''),
(799, '', '', ''),
(800, '', '', ''),
(801, '', '', ''),
(802, '', '', ''),
(803, '', '', ''),
(804, '', '', ''),
(805, '', '', ''),
(806, '', '', ''),
(807, '', '', ''),
(808, '', '', ''),
(809, '', '', ''),
(810, '', '', ''),
(811, '', '', ''),
(812, '', '', ''),
(813, '', '', ''),
(814, '', '', ''),
(815, '', '', ''),
(816, '', '', ''),
(817, '', '', ''),
(818, '', '', ''),
(819, '', '', ''),
(820, '', '', ''),
(821, '', '', ''),
(822, '', '', ''),
(823, '', '', ''),
(824, '', '', ''),
(825, '', '', ''),
(826, '', '', ''),
(827, '', '', ''),
(828, '', '', ''),
(829, '', '', ''),
(830, '', '', ''),
(831, '', '', ''),
(832, '', '', ''),
(833, '', '', ''),
(834, '', '', ''),
(835, '', '', ''),
(836, '', '', ''),
(837, '', '', ''),
(838, '', '', ''),
(839, '', '', ''),
(840, '', '', ''),
(841, '', '', ''),
(842, '', '', ''),
(843, '', '', ''),
(844, '', '', ''),
(845, '', '', ''),
(846, '', '', ''),
(847, '', '', ''),
(848, '', '', ''),
(849, '', '', ''),
(850, '', '', ''),
(851, '', '', ''),
(852, '', '', ''),
(853, '', '', ''),
(854, '', '', ''),
(855, '', '', ''),
(856, '', '', ''),
(857, '', '', ''),
(858, '', '', ''),
(859, '', '', ''),
(860, '', '', ''),
(861, '', '', ''),
(862, '', '', ''),
(863, '', '', ''),
(864, '', '', ''),
(865, '', '', ''),
(866, '', '', ''),
(867, '', '', ''),
(868, '', '', ''),
(869, '', '', ''),
(870, '', '', ''),
(871, '', '', ''),
(872, '', '', ''),
(873, '', '', ''),
(874, '', '', ''),
(875, '', '', ''),
(876, '', '', ''),
(877, '', '', ''),
(878, '', '', ''),
(879, '', '', ''),
(880, '', '', ''),
(881, '', '', ''),
(882, '', '', ''),
(883, '', '', ''),
(884, '', '', ''),
(885, '', '', ''),
(886, '', '', ''),
(887, '', '', ''),
(888, '', '', ''),
(889, '', '', ''),
(890, '', '', ''),
(891, '', '', ''),
(892, '', '', ''),
(893, '', '', ''),
(894, '', '', ''),
(895, '', '', ''),
(896, '', '', ''),
(897, '', '', ''),
(898, '', '', ''),
(899, '', '', ''),
(900, '', '', ''),
(901, '', '', ''),
(902, '', '', ''),
(903, '', '', ''),
(904, '', '', ''),
(905, '', '', ''),
(906, '', '', ''),
(907, '', '', ''),
(908, '', '', ''),
(909, '', '', ''),
(910, '', '', ''),
(911, '', '', ''),
(912, '', '', ''),
(913, '', '', ''),
(914, '', '', ''),
(915, '', '', ''),
(916, '', '', ''),
(917, '', '', ''),
(918, '', '', ''),
(919, '', '', ''),
(920, '', '', ''),
(921, '', '', ''),
(922, '', '', ''),
(923, '', '', ''),
(924, '', '', ''),
(925, '', '', ''),
(926, '', '', ''),
(927, '', '', ''),
(928, '', '', ''),
(929, '', '', ''),
(930, '', '', ''),
(931, '', '', ''),
(932, '', '', ''),
(933, '', '', ''),
(934, '', '', ''),
(935, '', '', ''),
(936, '', '', ''),
(937, '', '', ''),
(938, '', '', ''),
(939, '', '', ''),
(940, '', '', ''),
(941, '', '', ''),
(942, '', '', ''),
(943, '', '', ''),
(944, '', '', ''),
(945, '', '', ''),
(946, '', '', ''),
(947, '', '', ''),
(948, '', '', ''),
(949, '', '', ''),
(950, '', '', ''),
(951, '', '', ''),
(952, '', '', ''),
(953, '', '', ''),
(954, '', '', ''),
(955, '', '', ''),
(956, '', '', ''),
(957, '', '', ''),
(958, '', '', ''),
(959, '', '', ''),
(960, '', '', ''),
(961, '', '', ''),
(962, '', '', ''),
(963, '', '', ''),
(964, '', '', ''),
(965, '', '', ''),
(966, '', '', ''),
(967, '', '', ''),
(968, '', '', ''),
(969, '', '', ''),
(970, '', '', ''),
(971, '', '', ''),
(972, '', '', ''),
(973, '', '', ''),
(974, '', '', ''),
(975, '', '', ''),
(976, '', '', ''),
(977, '', '', ''),
(978, '', '', ''),
(979, '', '', ''),
(980, '', '', ''),
(981, '', '', ''),
(982, '', '', ''),
(983, '', '', ''),
(984, '', '', '');

--
-- Indexes for dumped tables
--

--
-- Indexes for table `payments`
--
ALTER TABLE `payments`
  ADD PRIMARY KEY (`id`),
  ADD KEY `reg_no` (`reg_no`),
  ADD KEY `reason_id` (`reason_id`);

--
-- Indexes for table `reasons`
--
ALTER TABLE `reasons`
  ADD PRIMARY KEY (`id`);

--
-- Indexes for table `users`
--
ALTER TABLE `users`
  ADD PRIMARY KEY (`id`);

--
-- AUTO_INCREMENT for dumped tables
--

--
-- AUTO_INCREMENT for table `payments`
--
ALTER TABLE `payments`
  MODIFY `id` int(11) NOT NULL AUTO_INCREMENT, AUTO_INCREMENT=902;

--
-- AUTO_INCREMENT for table `reasons`
--
ALTER TABLE `reasons`
  MODIFY `id` int(11) NOT NULL AUTO_INCREMENT, AUTO_INCREMENT=15;

--
-- AUTO_INCREMENT for table `users`
--
ALTER TABLE `users`
  MODIFY `id` int(11) NOT NULL AUTO_INCREMENT, AUTO_INCREMENT=985;
COMMIT;

/*!40101 SET CHARACTER_SET_CLIENT=@OLD_CHARACTER_SET_CLIENT */;
/*!40101 SET CHARACTER_SET_RESULTS=@OLD_CHARACTER_SET_RESULTS */;
/*!40101 SET COLLATION_CONNECTION=@OLD_COLLATION_CONNECTION */;
